repo_key,repo_url,true_label,true_label_normalized,method,top1_hit,top3_hit,top5_hit,pred_top1_category,pred_categories_top5,similarities_top5,effective_scores_top5,positions_top5,detected_domains,domain_boost,ai_pred_label,ai_top_probs,ai_alpha
spring-projects/spring-boot,https://github.com/spring-projects/spring-boot,서버/백엔드,서버/백엔드,faiss_only,0,1,1,SW/솔루션,SW/솔루션 | 서버/백엔드 | SW/솔루션 | SW/솔루션 | devops/시스템 엔지니어,0.8515 | 0.8371 | 0.8341 | 0.8229 | 0.8227,0.8515 | 0.8371 | 0.8341 | 0.8229 | 0.8227,L4-L7 스위치 가상화 솔루션 개발 경력 | 경력 개발자(백엔드) 채용 | GitLab 솔루션 엔지니어 | WEBFRONT-K GUI 개발 | [DC파트] 인프라 엔지니어 시스템 운영자,,,,,
spring-projects/spring-boot,https://github.com/spring-projects/spring-boot,서버/백엔드,서버/백엔드,domain_rerank,1,1,1,서버/백엔드,서버/백엔드 | devops/시스템 엔지니어 | SW/솔루션 | SW/솔루션 | SW/솔루션,0.8371 | 0.8227 | 0.8515 | 0.8341 | 0.8229,0.8871 | 0.8727 | 0.8515 | 0.8341 | 0.8229,경력 개발자(백엔드) 채용 | [DC파트] 인프라 엔지니어 시스템 운영자 | L4-L7 스위치 가상화 솔루션 개발 경력 | GitLab 솔루션 엔지니어 | WEBFRONT-K GUI 개발,게임 개발 | 웹 프론트엔드 | 서버/백엔드 | ML/AI | DevOps/인프라 | 블록체인 | 빅데이터 엔지니어 | 모바일 앱,0.05,,,
spring-projects/spring-boot,https://github.com/spring-projects/spring-boot,서버/백엔드,서버/백엔드,ai_classifier_rerank,1,1,1,서버/백엔드,서버/백엔드 | SW/솔루션 | SW/솔루션 | devops/시스템 엔지니어 | SW/솔루션,0.8371 | 0.8515 | 0.8341 | 0.8227 | 0.8229,0.9071 | 0.8515 | 0.8341 | 0.8241 | 0.8229,경력 개발자(백엔드) 채용 | L4-L7 스위치 가상화 솔루션 개발 경력 | GitLab 솔루션 엔지니어 | [DC파트] 인프라 엔지니어 시스템 운영자 | WEBFRONT-K GUI 개발,,,서버/백엔드,서버/백엔드:0.7000 | 블록체인:0.1100 | 빅데이터 엔지니어:0.0633 | 크로스플랫폼 앱:0.0400 | iOS:0.0233,0.1
nestjs/nest,https://github.com/nestjs/nest,서버/백엔드,서버/백엔드,faiss_only,0,1,1,SW/솔루션,SW/솔루션 | 서버/백엔드 | 프론트엔드 | 서버/백엔드 | 서버/백엔드,0.8551 | 0.8317 | 0.8306 | 0.8268 | 0.8230,0.8551 | 0.8317 | 0.8306 | 0.8268 | 0.8230,L4-L7 스위치 가상화 솔루션 개발 경력 | 백엔드 개발자 | 프론트엔드 개발자 | Endpoint연구실 [Server 개발자] | 경력 개발자(백엔드) 채용,,,,,
nestjs/nest,https://github.com/nestjs/nest,서버/백엔드,서버/백엔드,domain_rerank,1,1,1,서버/백엔드,서버/백엔드 | 프론트엔드 | 서버/백엔드 | 서버/백엔드 | SW/솔루션,0.8317 | 0.8306 | 0.8268 | 0.8230 | 0.8551,0.8817 | 0.8806 | 0.8768 | 0.8730 | 0.8551,백엔드 개발자 | 프론트엔드 개발자 | Endpoint연구실 [Server 개발자] | 경력 개발자(백엔드) 채용 | L4-L7 스위치 가상화 솔루션 개발 경력,게임 개발 | 웹 프론트엔드 | 서버/백엔드 | ML/AI | 빅데이터 엔지니어 | 모바일 앱,0.05,,,
nestjs/nest,https://github.com/nestjs/nest,서버/백엔드,서버/백엔드,ai_classifier_rerank,1,1,1,서버/백엔드,서버/백엔드 | 서버/백엔드 | 서버/백엔드 | SW/솔루션 | 프론트엔드,0.8317 | 0.8268 | 0.8230 | 0.8551 | 0.8306,0.8957 | 0.8908 | 0.8870 | 0.8551 | 0.8319,백엔드 개발자 | Endpoint연구실 [Server 개발자] | 경력 개발자(백엔드) 채용 | L4-L7 스위치 가상화 솔루션 개발 경력 | 프론트엔드 개발자,,,서버/백엔드,서버/백엔드:0.6400 | 웹 풀스택:0.0533 | 빅데이터 엔지니어:0.0500 | 게임 서버:0.0400 | 블록체인:0.0367,0.1
fastapi/fastapi,https://github.com/fastapi/fastapi,서버/백엔드,서버/백엔드,faiss_only,0,0,0,SW/솔루션,SW/솔루션 | 프론트엔드 | SW/솔루션 | SW/솔루션 | SW/솔루션,0.8430 | 0.8278 | 0.8262 | 0.8250 | 0.8238,0.8430 | 0.8278 | 0.8262 | 0.8250 | 0.8238,L4-L7 스위치 가상화 솔루션 개발 경력 | 프론트엔드 개발자 | AI솔루션 AI엔지니어(4~6년) | AI개발자 모집 | GitLab 솔루션 엔지니어,,,,,
fastapi/fastapi,https://github.com/fastapi/fastapi,서버/백엔드,서버/백엔드,domain_rerank,0,0,0,프론트엔드,프론트엔드 | SW/솔루션 | SW/솔루션 | SW/솔루션 | SW/솔루션,0.8278 | 0.8430 | 0.8262 | 0.8250 | 0.8238,0.8778 | 0.8430 | 0.8262 | 0.8250 | 0.8238,프론트엔드 개발자 | L4-L7 스위치 가상화 솔루션 개발 경력 | AI솔루션 AI엔지니어(4~6년) | AI개발자 모집 | GitLab 솔루션 엔지니어,게임 개발 | 웹 프론트엔드 | 서버/백엔드 | 도구 개발 | ML/AI | 모바일 앱 | DevOps/인프라,0.05,,,
fastapi/fastapi,https://github.com/fastapi/fastapi,서버/백엔드,서버/백엔드,ai_classifier_rerank,0,0,0,SW/솔루션,SW/솔루션 | 프론트엔드 | SW/솔루션 | SW/솔루션 | SW/솔루션,0.8430 | 0.8278 | 0.8262 | 0.8250 | 0.8238,0.8430 | 0.8298 | 0.8262 | 0.8250 | 0.8238,L4-L7 스위치 가상화 솔루션 개발 경력 | 프론트엔드 개발자 | AI솔루션 AI엔지니어(4~6년) | AI개발자 모집 | GitLab 솔루션 엔지니어,,,서버/백엔드,서버/백엔드:0.7433 | 게임 서버:0.0900 | 블록체인:0.0567 | HW/임베디드:0.0300 | 프론트엔드:0.0200,0.1
expressjs/express,https://github.com/expressjs/express,서버/백엔드,서버/백엔드,faiss_only,0,0,0,SW/솔루션,SW/솔루션 | SW/솔루션 | SW/솔루션 | devops/시스템 엔지니어 | devops/시스템 엔지니어,0.8357 | 0.8031 | 0.8017 | 0.7946 | 0.7833,0.8357 | 0.8031 | 0.8017 | 0.7946 | 0.7833,GitLab 솔루션 엔지니어 | L4-L7 스위치 가상화 솔루션 개발 경력 | 이리온 C++ 어플리케이션 개발자(서울) | SRE/DevOps Engineer | DevOps(K8s 기반) CI/CD 개발 엔지니어,,,,,
expressjs/express,https://github.com/expressjs/express,서버/백엔드,서버/백엔드,domain_rerank,0,0,0,SW/솔루션,SW/솔루션 | SW/솔루션 | SW/솔루션 | devops/시스템 엔지니어 | devops/시스템 엔지니어,0.8357 | 0.8031 | 0.8017 | 0.7946 | 0.7833,0.8357 | 0.8031 | 0.8017 | 0.7946 | 0.7833,GitLab 솔루션 엔지니어 | L4-L7 스위치 가상화 솔루션 개발 경력 | 이리온 C++ 어플리케이션 개발자(서울) | SRE/DevOps Engineer | DevOps(K8s 기반) CI/CD 개발 엔지니어,웹 프론트엔드 | 서버/백엔드 | 게임 개발 | ML/AI | 모바일 앱,0.05,,,
expressjs/express,https://github.com/expressjs/express,서버/백엔드,서버/백엔드,ai_classifier_rerank,0,0,0,SW/솔루션,SW/솔루션 | SW/솔루션 | SW/솔루션 | devops/시스템 엔지니어 | devops/시스템 엔지니어,0.8357 | 0.8031 | 0.8017 | 0.7946 | 0.7833,0.8357 | 0.8031 | 0.8017 | 0.7969 | 0.7856,GitLab 솔루션 엔지니어 | L4-L7 스위치 가상화 솔루션 개발 경력 | 이리온 C++ 어플리케이션 개발자(서울) | SRE/DevOps Engineer | DevOps(K8s 기반) CI/CD 개발 엔지니어,,,서버/백엔드,서버/백엔드:0.6533 | 게임 서버:0.1200 | 안드로이드:0.0700 | 블록체인:0.0500 | HW/임베디드:0.0333,0.1
laravel/laravel,https://github.com/laravel/laravel,서버/백엔드,서버/백엔드,faiss_only,0,0,0,SW/솔루션,SW/솔루션 | SW/솔루션 | SW/솔루션 | devops/시스템 엔지니어 | devops/시스템 엔지니어,0.8400 | 0.8221 | 0.8133 | 0.8121 | 0.8015,0.8400 | 0.8221 | 0.8133 | 0.8121 | 0.8015,GitLab 솔루션 엔지니어 | L4-L7 스위치 가상화 솔루션 개발 경력 | 이리온 C++ 어플리케이션 개발자(서울) | SRE/DevOps Engineer | 개발자(devops/시스템엔지니어) 채용 (경력1년~4년),,,,,
laravel/laravel,https://github.com/laravel/laravel,서버/백엔드,서버/백엔드,domain_rerank,0,0,0,devops/시스템 엔지니어,devops/시스템 엔지니어 | devops/시스템 엔지니어 | SW/솔루션 | SW/솔루션 | SW/솔루션,0.8121 | 0.8015 | 0.8400 | 0.8221 | 0.8133,0.8621 | 0.8515 | 0.8400 | 0.8221 | 0.8133,SRE/DevOps Engineer | 개발자(devops/시스템엔지니어) 채용 (경력1년~4년) | GitLab 솔루션 엔지니어 | L4-L7 스위치 가상화 솔루션 개발 경력 | 이리온 C++ 어플리케이션 개발자(서울),서버/백엔드 | 게임 개발 | 웹 프론트엔드 | ML/AI | 모바일 앱 | DevOps/인프라,0.05,,,
laravel/laravel,https://github.com/laravel/laravel,서버/백엔드,서버/백엔드,ai_classifier_rerank,0,0,0,SW/솔루션,SW/솔루션 | SW/솔루션 | SW/솔루션 | devops/시스템 엔지니어 | devops/시스템 엔지니어,0.8400 | 0.8221 | 0.8133 | 0.8121 | 0.8015,0.8400 | 0.8221 | 0.8133 | 0.8131 | 0.8025,GitLab 솔루션 엔지니어 | L4-L7 스위치 가상화 솔루션 개발 경력 | 이리온 C++ 어플리케이션 개발자(서울) | SRE/DevOps Engineer | 개발자(devops/시스템엔지니어) 채용 (경력1년~4년),,,안드로이드,안드로이드:0.3614 | 웹 풀스택:0.2689 | 빅데이터 엔지니어:0.0867 | 게임 서버:0.0753 | 블록체인:0.0400,0.1
django/django,https://github.com/django/django,서버/백엔드,서버/백엔드,faiss_only,0,0,0,SW/솔루션,SW/솔루션 | SW/솔루션 | SW/솔루션 | devops/시스템 엔지니어 | devops/시스템 엔지니어,0.8428 | 0.8413 | 0.8248 | 0.8186 | 0.8122,0.8428 | 0.8413 | 0.8248 | 0.8186 | 0.8122,GitLab 솔루션 엔지니어 | L4-L7 스위치 가상화 솔루션 개발 경력 | 이리온 C++ 어플리케이션 개발자(서울) | SRE/DevOps Engineer | 개발자(devops/시스템엔지니어) 채용 (경력1년~4년),,,,,
django/django,https://github.com/django/django,서버/백엔드,서버/백엔드,domain_rerank,0,0,0,devops/시스템 엔지니어,devops/시스템 엔지니어 | devops/시스템 엔지니어 | SW/솔루션 | SW/솔루션 | SW/솔루션,0.8186 | 0.8122 | 0.8428 | 0.8413 | 0.8248,0.8686 | 0.8622 | 0.8428 | 0.8413 | 0.8248,SRE/DevOps Engineer | 개발자(devops/시스템엔지니어) 채용 (경력1년~4년) | GitLab 솔루션 엔지니어 | L4-L7 스위치 가상화 솔루션 개발 경력 | 이리온 C++ 어플리케이션 개발자(서울),게임 개발 | 웹 프론트엔드 | 서버/백엔드 | ML/AI | 모바일 앱 | DevOps/인프라,0.05,,,
django/django,https://github.com/django/django,서버/백엔드,서버/백엔드,ai_classifier_rerank,0,0,0,SW/솔루션,SW/솔루션 | SW/솔루션 | SW/솔루션 | devops/시스템 엔지니어 | devops/시스템 엔지니어,0.8428 | 0.8413 | 0.8248 | 0.8186 | 0.8122,0.8428 | 0.8413 | 0.8248 | 0.8190 | 0.8125,GitLab 솔루션 엔지니어 | L4-L7 스위치 가상화 솔루션 개발 경력 | 이리온 C++ 어플리케이션 개발자(서울) | SRE/DevOps Engineer | 개발자(devops/시스템엔지니어) 채용 (경력1년~4년),,,서버/백엔드,서버/백엔드:0.6567 | iOS:0.1033 | 블록체인:0.0700 | HW/임베디드:0.0433 | 게임 서버:0.0433,0.1
gin-gonic/gin,https://github.com/gin-gonic/gin,서버/백엔드,서버/백엔드,faiss_only,0,0,0,SW/솔루션,SW/솔루션 | SW/솔루션 | SW/솔루션 | 프론트엔드 | devops/시스템 엔지니어,0.8602 | 0.8445 | 0.8351 | 0.8243 | 0.8237,0.8602 | 0.8445 | 0.8351 | 0.8243 | 0.8237,L4-L7 스위치 가상화 솔루션 개발 경력 | GitLab 솔루션 엔지니어 | 이리온 C++ 어플리케이션 개발자(서울) | 프론트엔드 개발자 | 개발자(devops/시스템엔지니어) 채용 (경력1년~4년),,,,,
gin-gonic/gin,https://github.com/gin-gonic/gin,서버/백엔드,서버/백엔드,domain_rerank,0,0,0,프론트엔드,프론트엔드 | devops/시스템 엔지니어 | SW/솔루션 | SW/솔루션 | SW/솔루션,0.8243 | 0.8237 | 0.8602 | 0.8445 | 0.8351,0.8743 | 0.8737 | 0.8602 | 0.8445 | 0.8351,프론트엔드 개발자 | 개발자(devops/시스템엔지니어) 채용 (경력1년~4년) | L4-L7 스위치 가상화 솔루션 개발 경력 | GitLab 솔루션 엔지니어 | 이리온 C++ 어플리케이션 개발자(서울),서버/백엔드 | 게임 개발 | 웹 프론트엔드 | ML/AI | 모바일 앱 | DevOps/인프라 | 블록체인,0.05,,,
gin-gonic/gin,https://github.com/gin-gonic/gin,서버/백엔드,서버/백엔드,ai_classifier_rerank,0,0,0,SW/솔루션,SW/솔루션 | SW/솔루션 | SW/솔루션 | 프론트엔드 | devops/시스템 엔지니어,0.8602 | 0.8445 | 0.8351 | 0.8243 | 0.8237,0.8602 | 0.8445 | 0.8351 | 0.8253 | 0.8247,L4-L7 스위치 가상화 솔루션 개발 경력 | GitLab 솔루션 엔지니어 | 이리온 C++ 어플리케이션 개발자(서울) | 프론트엔드 개발자 | 개발자(devops/시스템엔지니어) 채용 (경력1년~4년),,,서버/백엔드,서버/백엔드:0.6700 | 게임 서버:0.1367 | 안드로이드:0.0800 | HW/임베디드:0.0267 | iOS:0.0233,0.1
go-gitea/gitea,https://github.com/go-gitea/gitea,서버/백엔드,서버/백엔드,faiss_only,0,0,0,SW/솔루션,SW/솔루션 | SW/솔루션 | iOS | 프론트엔드 | 프론트엔드,0.8392 | 0.8361 | 0.8152 | 0.8088 | 0.8087,0.8392 | 0.8361 | 0.8152 | 0.8088 | 0.8087,GitLab 솔루션 엔지니어 | L4-L7 스위치 가상화 솔루션 개발 경력 | ADC(L4-L7 스위치) 애플리케이션 개발 | 프론트엔드 개발자 | 프론트엔드 개발자,,,,,
go-gitea/gitea,https://github.com/go-gitea/gitea,서버/백엔드,서버/백엔드,domain_rerank,0,0,0,iOS,iOS | 프론트엔드 | 프론트엔드 | SW/솔루션 | SW/솔루션,0.8152 | 0.8088 | 0.8087 | 0.8392 | 0.8361,0.8652 | 0.8588 | 0.8587 | 0.8392 | 0.8361,ADC(L4-L7 스위치) 애플리케이션 개발 | 프론트엔드 개발자 | 프론트엔드 개발자 | GitLab 솔루션 엔지니어 | L4-L7 스위치 가상화 솔루션 개발 경력,게임 개발 | 웹 프론트엔드 | 서버/백엔드 | 모바일 앱 | DevOps/인프라 | 빅데이터 엔지니어 | 도구 개발 | ML/AI | 블록체인,0.05,,,
go-gitea/gitea,https://github.com/go-gitea/gitea,서버/백엔드,서버/백엔드,ai_classifier_rerank,0,0,0,SW/솔루션,SW/솔루션 | SW/솔루션 | iOS | 프론트엔드 | 프론트엔드,0.8392 | 0.8361 | 0.8152 | 0.8088 | 0.8087,0.8392 | 0.8361 | 0.8156 | 0.8105 | 0.8104,GitLab 솔루션 엔지니어 | L4-L7 스위치 가상화 솔루션 개발 경력 | ADC(L4-L7 스위치) 애플리케이션 개발 | 프론트엔드 개발자 | 프론트엔드 개발자,,,서버/백엔드,서버/백엔드:0.6833 | devops/시스템 엔지니어:0.0900 | HW/임베디드:0.0467 | 빅데이터 엔지니어:0.0367 | 블록체인:0.0267,0.1
quarkusio/quarkus,https://github.com/quarkusio/quarkus,서버/백엔드,서버/백엔드,faiss_only,0,1,1,SW/솔루션,SW/솔루션 | 서버/백엔드 | SW/솔루션 | iOS | 서버/백엔드,0.8652 | 0.8452 | 0.8445 | 0.8403 | 0.8314,0.8652 | 0.8452 | 0.8445 | 0.8403 | 0.8314,L4-L7 스위치 가상화 솔루션 개발 경력 | 경력 개발자(백엔드) 채용 | GitLab 솔루션 엔지니어 | ADC(L4-L7 스위치) 애플리케이션 개발 | 백엔드 엔지니어 채용(경력3~5년),,,,,
quarkusio/quarkus,https://github.com/quarkusio/quarkus,서버/백엔드,서버/백엔드,domain_rerank,1,1,1,서버/백엔드,서버/백엔드 | iOS | 서버/백엔드 | SW/솔루션 | SW/솔루션,0.8452 | 0.8403 | 0.8314 | 0.8652 | 0.8445,0.8952 | 0.8903 | 0.8814 | 0.8652 | 0.8445,경력 개발자(백엔드) 채용 | ADC(L4-L7 스위치) 애플리케이션 개발 | 백엔드 엔지니어 채용(경력3~5년) | L4-L7 스위치 가상화 솔루션 개발 경력 | GitLab 솔루션 엔지니어,게임 개발 | 웹 프론트엔드 | 서버/백엔드 | ML/AI | 모바일 앱 | DevOps/인프라 | 블록체인 | 빅데이터 엔지니어,0.05,,,
quarkusio/quarkus,https://github.com/quarkusio/quarkus,서버/백엔드,서버/백엔드,ai_classifier_rerank,1,1,1,서버/백엔드,서버/백엔드 | 서버/백엔드 | SW/솔루션 | iOS | SW/솔루션,0.8452 | 0.8314 | 0.8652 | 0.8403 | 0.8445,0.9109 | 0.8971 | 0.8652 | 0.8466 | 0.8445,경력 개발자(백엔드) 채용 | 백엔드 엔지니어 채용(경력3~5년) | L4-L7 스위치 가상화 솔루션 개발 경력 | ADC(L4-L7 스위치) 애플리케이션 개발 | GitLab 솔루션 엔지니어,,,서버/백엔드,서버/백엔드:0.6567 | 빅데이터 엔지니어:0.0800 | iOS:0.0633 | HW/임베디드:0.0467 | devops/시스템 엔지니어:0.0433,0.1
micronaut-projects/micronaut-core,https://github.com/micronaut-projects/micronaut-core,서버/백엔드,서버/백엔드,faiss_only,0,0,0,SW/솔루션,SW/솔루션 | SW/솔루션 | devops/시스템 엔지니어 | SW/솔루션 | SW/솔루션,0.8517 | 0.8482 | 0.8304 | 0.8264 | 0.8248,0.8517 | 0.8482 | 0.8304 | 0.8264 | 0.8248,L4-L7 스위치 가상화 솔루션 개발 경력 | GitLab 솔루션 엔지니어 | SRE/DevOps Engineer | Linux System Engineer | 이리온 C++ 어플리케이션 개발자(서울),,,,,
micronaut-projects/micronaut-core,https://github.com/micronaut-projects/micronaut-core,서버/백엔드,서버/백엔드,domain_rerank,0,0,0,devops/시스템 엔지니어,devops/시스템 엔지니어 | SW/솔루션 | SW/솔루션 | SW/솔루션 | SW/솔루션,0.8304 | 0.8517 | 0.8482 | 0.8264 | 0.8248,0.8804 | 0.8517 | 0.8482 | 0.8264 | 0.8248,SRE/DevOps Engineer | L4-L7 스위치 가상화 솔루션 개발 경력 | GitLab 솔루션 엔지니어 | Linux System Engineer | 이리온 C++ 어플리케이션 개발자(서울),게임 개발 | 웹 프론트엔드 | 서버/백엔드 | ML/AI | DevOps/인프라 | 블록체인 | 빅데이터 엔지니어 | 도구 개발 | 모바일 앱,0.05,,,
micronaut-projects/micronaut-core,https://github.com/micronaut-projects/micronaut-core,서버/백엔드,서버/백엔드,ai_classifier_rerank,0,0,0,SW/솔루션,SW/솔루션 | SW/솔루션 | devops/시스템 엔지니어 | SW/솔루션 | SW/솔루션,0.8517 | 0.8482 | 0.8304 | 0.8264 | 0.8248,0.8517 | 0.8482 | 0.8351 | 0.8264 | 0.8248,L4-L7 스위치 가상화 솔루션 개발 경력 | GitLab 솔루션 엔지니어 | SRE/DevOps Engineer | Linux System Engineer | 이리온 C++ 어플리케이션 개발자(서울),,,서버/백엔드,서버/백엔드:0.6500 | 빅데이터 엔지니어:0.1267 | 블록체인:0.1233 | devops/시스템 엔지니어:0.0467 | HW/임베디드:0.0200,0.1
facebook/react,https://github.com/facebook/react,프론트엔드,프론트엔드,faiss_only,0,1,1,SW/솔루션,SW/솔루션 | 프론트엔드 | SW/솔루션 | 서버/백엔드 | 서버/백엔드,0.8444 | 0.8287 | 0.8158 | 0.8145 | 0.8077,0.8444 | 0.8287 | 0.8158 | 0.8145 | 0.8077,L4-L7 스위치 가상화 솔루션 개발 경력 | 프론트엔드 개발자 | GitLab 솔루션 엔지니어 | Endpoint연구실 [Server 개발자] | Server팀 백엔드 개발자 경력 채용,,,,,
facebook/react,https://github.com/facebook/react,프론트엔드,프론트엔드,domain_rerank,1,1,1,프론트엔드,프론트엔드 | 서버/백엔드 | 서버/백엔드 | SW/솔루션 | SW/솔루션,0.8287 | 0.8145 | 0.8077 | 0.8444 | 0.8158,0.8787 | 0.8645 | 0.8577 | 0.8444 | 0.8158,프론트엔드 개발자 | Endpoint연구실 [Server 개발자] | Server팀 백엔드 개발자 경력 채용 | L4-L7 스위치 가상화 솔루션 개발 경력 | GitLab 솔루션 엔지니어,게임 개발 | 웹 프론트엔드 | 서버/백엔드 | ML/AI | 모바일 앱 | DevOps/인프라 | 빅데이터 엔지니어 | 도구 개발,0.05,,,
facebook/react,https://github.com/facebook/react,프론트엔드,프론트엔드,ai_classifier_rerank,0,1,1,SW/솔루션,SW/솔루션 | 서버/백엔드 | 프론트엔드 | 서버/백엔드 | SW/솔루션,0.8444 | 0.8145 | 0.8287 | 0.8077 | 0.8158,0.8444 | 0.8408 | 0.8367 | 0.8340 | 0.8158,L4-L7 스위치 가상화 솔루션 개발 경력 | Endpoint연구실 [Server 개발자] | 프론트엔드 개발자 | Server팀 백엔드 개발자 경력 채용 | GitLab 솔루션 엔지니어,,,서버/백엔드,서버/백엔드:0.2633 | devops/시스템 엔지니어:0.1867 | 블록체인:0.1200 | 빅데이터 엔지니어:0.0867 | 프론트엔드:0.0800,0.1
vuejs/core,https://github.com/vuejs/core,프론트엔드,프론트엔드,faiss_only,0,0,1,SW/솔루션,SW/솔루션 | SW/솔루션 | 서버/백엔드 | SW/솔루션 | 프론트엔드,0.8302 | 0.8214 | 0.8118 | 0.8064 | 0.8056,0.8302 | 0.8214 | 0.8118 | 0.8064 | 0.8056,L4-L7 스위치 가상화 솔루션 개발 경력 | GitLab 솔루션 엔지니어 | 백엔드 개발자 | 이리온 C++ 어플리케이션 개발자(서울) | 프론트엔드 개발자,,,,,
vuejs/core,https://github.com/vuejs/core,프론트엔드,프론트엔드,domain_rerank,0,1,1,서버/백엔드,서버/백엔드 | 프론트엔드 | SW/솔루션 | SW/솔루션 | SW/솔루션,0.8118 | 0.8056 | 0.8302 | 0.8214 | 0.8064,0.8618 | 0.8556 | 0.8302 | 0.8214 | 0.8064,백엔드 개발자 | 프론트엔드 개발자 | L4-L7 스위치 가상화 솔루션 개발 경력 | GitLab 솔루션 엔지니어 | 이리온 C++ 어플리케이션 개발자(서울),웹 프론트엔드 | ML/AI | 모바일 앱 | 도구 개발 | 게임 개발 | 서버/백엔드,0.05,,,
vuejs/core,https://github.com/vuejs/core,프론트엔드,프론트엔드,ai_classifier_rerank,0,0,1,서버/백엔드,서버/백엔드 | SW/솔루션 | SW/솔루션 | 프론트엔드 | SW/솔루션,0.8118 | 0.8302 | 0.8214 | 0.8056 | 0.8064,0.8405 | 0.8302 | 0.8214 | 0.8086 | 0.8064,백엔드 개발자 | L4-L7 스위치 가상화 솔루션 개발 경력 | GitLab 솔루션 엔지니어 | 프론트엔드 개발자 | 이리온 C++ 어플리케이션 개발자(서울),,,서버/백엔드,서버/백엔드:0.2867 | 게임 서버:0.1900 | 크로스플랫폼 앱:0.1733 | 블록체인:0.1200 | 안드로이드:0.0467,0.1
angular/angular,https://github.com/angular/angular,프론트엔드,프론트엔드,faiss_only,0,0,0,SW/솔루션,SW/솔루션 | iOS | SW/솔루션 | SW/솔루션 | SW/솔루션,0.8651 | 0.8337 | 0.8313 | 0.8309 | 0.8291,0.8651 | 0.8337 | 0.8313 | 0.8309 | 0.8291,L4-L7 스위치 가상화 솔루션 개발 경력 | ADC(L4-L7 스위치) 애플리케이션 개발 | GitLab 솔루션 엔지니어 | 이리온 C++ 어플리케이션 개발자(서울) | S/W 개발 (사원 ~ 선임),,,,,
angular/angular,https://github.com/angular/angular,프론트엔드,프론트엔드,domain_rerank,0,0,0,iOS,iOS | SW/솔루션 | SW/솔루션 | SW/솔루션 | SW/솔루션,0.8337 | 0.8651 | 0.8313 | 0.8309 | 0.8291,0.8837 | 0.8651 | 0.8313 | 0.8309 | 0.8291,ADC(L4-L7 스위치) 애플리케이션 개발 | L4-L7 스위치 가상화 솔루션 개발 경력 | GitLab 솔루션 엔지니어 | 이리온 C++ 어플리케이션 개발자(서울) | S/W 개발 (사원 ~ 선임),게임 개발 | 웹 프론트엔드 | 서버/백엔드 | 모바일 앱 | DevOps/인프라 | 블록체인 | 빅데이터 엔지니어 | 도구 개발,0.05,,,
angular/angular,https://github.com/angular/angular,프론트엔드,프론트엔드,ai_classifier_rerank,0,0,0,SW/솔루션,SW/솔루션 | iOS | SW/솔루션 | SW/솔루션 | SW/솔루션,0.8651 | 0.8337 | 0.8313 | 0.8309 | 0.8291,0.8651 | 0.8347 | 0.8313 | 0.8309 | 0.8291,L4-L7 스위치 가상화 솔루션 개발 경력 | ADC(L4-L7 스위치) 애플리케이션 개발 | GitLab 솔루션 엔지니어 | 이리온 C++ 어플리케이션 개발자(서울) | S/W 개발 (사원 ~ 선임),,,프론트엔드,프론트엔드:0.2333 | 서버/백엔드:0.1867 | 빅데이터 엔지니어:0.1700 | 인공지능/머신러닝:0.1233 | HW/임베디드:0.0733,0.1
vercel/next.js,https://github.com/vercel/next.js,프론트엔드,프론트엔드,faiss_only,0,1,1,SW/솔루션,SW/솔루션 | SW/솔루션 | 프론트엔드 | iOS | 프론트엔드,0.8126 | 0.8097 | 0.7979 | 0.7976 | 0.7952,0.8126 | 0.8097 | 0.7979 | 0.7976 | 0.7952,GitLab 솔루션 엔지니어 | L4-L7 스위치 가상화 솔루션 개발 경력 | 프론트엔드 개발자 | ADC(L4-L7 스위치) 애플리케이션 개발 | 프론트엔드 개발자,,,,,
vercel/next.js,https://github.com/vercel/next.js,프론트엔드,프론트엔드,domain_rerank,1,1,1,프론트엔드,프론트엔드 | iOS | 프론트엔드 | SW/솔루션 | SW/솔루션,0.7979 | 0.7976 | 0.7952 | 0.8126 | 0.8097,0.8479 | 0.8476 | 0.8452 | 0.8126 | 0.8097,프론트엔드 개발자 | ADC(L4-L7 스위치) 애플리케이션 개발 | 프론트엔드 개발자 | GitLab 솔루션 엔지니어 | L4-L7 스위치 가상화 솔루션 개발 경력,게임 개발 | 웹 프론트엔드 | 서버/백엔드 | ML/AI | 모바일 앱 | DevOps/인프라 | 빅데이터 엔지니어 | 도구 개발,0.05,,,
vercel/next.js,https://github.com/vercel/next.js,프론트엔드,프론트엔드,ai_classifier_rerank,1,1,1,프론트엔드,프론트엔드 | 프론트엔드 | SW/솔루션 | SW/솔루션 | iOS,0.7979 | 0.7952 | 0.8126 | 0.8097 | 0.7976,0.8602 | 0.8575 | 0.8126 | 0.8097 | 0.7996,프론트엔드 개발자 | 프론트엔드 개발자 | GitLab 솔루션 엔지니어 | L4-L7 스위치 가상화 솔루션 개발 경력 | ADC(L4-L7 스위치) 애플리케이션 개발,,,프론트엔드,프론트엔드:0.6233 | devops/시스템 엔지니어:0.0567 | 서버/백엔드:0.0567 | HW/임베디드:0.0500 | 크로스플랫폼 앱:0.0500,0.1
sveltejs/svelte,https://github.com/sveltejs/svelte,프론트엔드,프론트엔드,faiss_only,0,0,1,SW/솔루션,SW/솔루션 | SW/솔루션 | 서버/백엔드 | 서버/백엔드 | 프론트엔드,0.8319 | 0.8303 | 0.8101 | 0.8101 | 0.8096,0.8319 | 0.8303 | 0.8101 | 0.8101 | 0.8096,L4-L7 스위치 가상화 솔루션 개발 경력 | GitLab 솔루션 엔지니어 | 서버/백엔드 개발자 채용 (경력1년~4년) | 경력 개발자(백엔드) 채용 | 프론트엔드 개발자,,,,,
sveltejs/svelte,https://github.com/sveltejs/svelte,프론트엔드,프론트엔드,domain_rerank,0,1,1,서버/백엔드,서버/백엔드 | 서버/백엔드 | 프론트엔드 | SW/솔루션 | SW/솔루션,0.8101 | 0.8101 | 0.8096 | 0.8319 | 0.8303,0.8601 | 0.8601 | 0.8596 | 0.8319 | 0.8303,서버/백엔드 개발자 채용 (경력1년~4년) | 경력 개발자(백엔드) 채용 | 프론트엔드 개발자 | L4-L7 스위치 가상화 솔루션 개발 경력 | GitLab 솔루션 엔지니어,게임 개발 | 웹 프론트엔드 | 서버/백엔드 | 모바일 앱 | 도구 개발,0.05,,,
sveltejs/svelte,https://github.com/sveltejs/svelte,프론트엔드,프론트엔드,ai_classifier_rerank,1,1,1,프론트엔드,프론트엔드 | SW/솔루션 | SW/솔루션 | 서버/백엔드 | 서버/백엔드,0.8096 | 0.8319 | 0.8303 | 0.8101 | 0.8101,0.8769 | 0.8319 | 0.8303 | 0.8198 | 0.8198,프론트엔드 개발자 | L4-L7 스위치 가상화 솔루션 개발 경력 | GitLab 솔루션 엔지니어 | 서버/백엔드 개발자 채용 (경력1년~4년) | 경력 개발자(백엔드) 채용,,,프론트엔드,프론트엔드:0.6733 | 빅데이터 엔지니어:0.1200 | 서버/백엔드:0.0967 | 인공지능/머신러닝:0.0400 | 블록체인:0.0167,0.1
remix-run/remix,https://github.com/remix-run/remix,프론트엔드,프론트엔드,faiss_only,0,0,1,SW/솔루션,SW/솔루션 | SW/솔루션 | SW/솔루션 | iOS | 프론트엔드,0.8252 | 0.8173 | 0.8101 | 0.8025 | 0.7924,0.8252 | 0.8173 | 0.8101 | 0.8025 | 0.7924,L4-L7 스위치 가상화 솔루션 개발 경력 | GitLab 솔루션 엔지니어 | 이리온 C++ 어플리케이션 개발자(서울) | ADC(L4-L7 스위치) 애플리케이션 개발 | 프론트엔드 개발자,,,,,
remix-run/remix,https://github.com/remix-run/remix,프론트엔드,프론트엔드,domain_rerank,0,1,1,iOS,iOS | 프론트엔드 | SW/솔루션 | SW/솔루션 | SW/솔루션,0.8025 | 0.7924 | 0.8252 | 0.8173 | 0.8101,0.8525 | 0.8424 | 0.8252 | 0.8173 | 0.8101,ADC(L4-L7 스위치) 애플리케이션 개발 | 프론트엔드 개발자 | L4-L7 스위치 가상화 솔루션 개발 경력 | GitLab 솔루션 엔지니어 | 이리온 C++ 어플리케이션 개발자(서울),웹 프론트엔드 | 서버/백엔드 | 도구 개발 | ML/AI | 모바일 앱 | 블록체인,0.05,,,
remix-run/remix,https://github.com/remix-run/remix,프론트엔드,프론트엔드,ai_classifier_rerank,1,1,1,프론트엔드,프론트엔드 | SW/솔루션 | SW/솔루션 | SW/솔루션 | iOS,0.7924 | 0.8252 | 0.8173 | 0.8101 | 0.8025,0.8488 | 0.8252 | 0.8173 | 0.8101 | 0.8085,프론트엔드 개발자 | L4-L7 스위치 가상화 솔루션 개발 경력 | GitLab 솔루션 엔지니어 | 이리온 C++ 어플리케이션 개발자(서울) | ADC(L4-L7 스위치) 애플리케이션 개발,,,프론트엔드,프론트엔드:0.5633 | 게임 서버:0.0767 | 서버/백엔드:0.0700 | 블록체인:0.0633 | iOS:0.0600,0.1
nuxt/nuxt,https://github.com/nuxt/nuxt,프론트엔드,프론트엔드,faiss_only,0,0,0,SW/솔루션,SW/솔루션 | SW/솔루션 | SW/솔루션 | SW/솔루션 | 서버/백엔드,0.8565 | 0.8306 | 0.8225 | 0.8166 | 0.8157,0.8565 | 0.8306 | 0.8225 | 0.8166 | 0.8157,L4-L7 스위치 가상화 솔루션 개발 경력 | GitLab 솔루션 엔지니어 | 이리온 C++ 어플리케이션 개발자(서울) | S/W 개발 (사원 ~ 선임) | 백엔드 개발자,,,,,
nuxt/nuxt,https://github.com/nuxt/nuxt,프론트엔드,프론트엔드,domain_rerank,0,0,0,서버/백엔드,서버/백엔드 | SW/솔루션 | SW/솔루션 | SW/솔루션 | SW/솔루션,0.8157 | 0.8565 | 0.8306 | 0.8225 | 0.8166,0.8657 | 0.8565 | 0.8306 | 0.8225 | 0.8166,백엔드 개발자 | L4-L7 스위치 가상화 솔루션 개발 경력 | GitLab 솔루션 엔지니어 | 이리온 C++ 어플리케이션 개발자(서울) | S/W 개발 (사원 ~ 선임),게임 개발 | 웹 프론트엔드 | 서버/백엔드 | 모바일 앱 | 도구 개발 | ML/AI | DevOps/인프라 | 블록체인,0.05,,,
nuxt/nuxt,https://github.com/nuxt/nuxt,프론트엔드,프론트엔드,ai_classifier_rerank,0,0,0,SW/솔루션,SW/솔루션 | SW/솔루션 | 서버/백엔드 | SW/솔루션 | SW/솔루션,0.8565 | 0.8306 | 0.8157 | 0.8225 | 0.8166,0.8565 | 0.8306 | 0.8261 | 0.8225 | 0.8166,L4-L7 스위치 가상화 솔루션 개발 경력 | GitLab 솔루션 엔지니어 | 백엔드 개발자 | 이리온 C++ 어플리케이션 개발자(서울) | S/W 개발 (사원 ~ 선임),,,프론트엔드,프론트엔드:0.2533 | 빅데이터 엔지니어:0.1200 | 크로스플랫폼 앱:0.1167 | 서버/백엔드:0.1033 | 게임 서버:0.0900,0.1
tailwindlabs/tailwindcss,https://github.com/tailwindlabs/tailwindcss,프론트엔드,프론트엔드,faiss_only,0,1,1,SW/솔루션,SW/솔루션 | 프론트엔드 | 프론트엔드 | 프론트엔드 | SW/솔루션,0.8583 | 0.8582 | 0.8368 | 0.8348 | 0.8336,0.8583 | 0.8582 | 0.8368 | 0.8348 | 0.8336,L4-L7 스위치 가상화 솔루션 개발 경력 | 프론트엔드 개발자 | [경력] 프론트엔드 개발자 | 프론트엔드 개발자 | Application 개발자,,,,,
tailwindlabs/tailwindcss,https://github.com/tailwindlabs/tailwindcss,프론트엔드,프론트엔드,domain_rerank,1,1,1,프론트엔드,프론트엔드 | 프론트엔드 | 프론트엔드 | SW/솔루션 | SW/솔루션,0.8582 | 0.8368 | 0.8348 | 0.8583 | 0.8336,0.9082 | 0.8868 | 0.8848 | 0.8583 | 0.8336,프론트엔드 개발자 | [경력] 프론트엔드 개발자 | 프론트엔드 개발자 | L4-L7 스위치 가상화 솔루션 개발 경력 | Application 개발자,웹 프론트엔드 | 서버/백엔드 | 게임 개발 | ML/AI,0.05,,,
tailwindlabs/tailwindcss,https://github.com/tailwindlabs/tailwindcss,프론트엔드,프론트엔드,ai_classifier_rerank,1,1,1,프론트엔드,프론트엔드 | 프론트엔드 | 프론트엔드 | SW/솔루션 | SW/솔루션,0.8582 | 0.8368 | 0.8348 | 0.8583 | 0.8336,0.9239 | 0.9025 | 0.9005 | 0.8583 | 0.8336,프론트엔드 개발자 | [경력] 프론트엔드 개발자 | 프론트엔드 개발자 | L4-L7 스위치 가상화 솔루션 개발 경력 | Application 개발자,,,프론트엔드,프론트엔드:0.6567 | devops/시스템 엔지니어:0.0600 | 안드로이드:0.0492 | 게임 서버:0.0473 | 블록체인:0.0433,0.1
storybookjs/storybook,https://github.com/storybookjs/storybook,프론트엔드,프론트엔드,faiss_only,0,1,1,SW/솔루션,SW/솔루션 | 프론트엔드 | 프론트엔드 | SW/솔루션 | 프론트엔드,0.8553 | 0.8492 | 0.8327 | 0.8286 | 0.8274,0.8553 | 0.8492 | 0.8327 | 0.8286 | 0.8274,L4-L7 스위치 가상화 솔루션 개발 경력 | 프론트엔드 개발자 | [경력] 프론트엔드 개발자 | Application 개발자 | 프론트엔드 개발자,,,,,
storybookjs/storybook,https://github.com/storybookjs/storybook,프론트엔드,프론트엔드,domain_rerank,1,1,1,프론트엔드,프론트엔드 | 프론트엔드 | 프론트엔드 | SW/솔루션 | SW/솔루션,0.8492 | 0.8327 | 0.8274 | 0.8553 | 0.8286,0.8992 | 0.8827 | 0.8774 | 0.8553 | 0.8286,프론트엔드 개발자 | [경력] 프론트엔드 개발자 | 프론트엔드 개발자 | L4-L7 스위치 가상화 솔루션 개발 경력 | Application 개발자,게임 개발 | 웹 프론트엔드 | 서버/백엔드 | 모바일 앱 | DevOps/인프라 | 빅데이터 엔지니어 | 도구 개발 | ML/AI,0.05,,,
storybookjs/storybook,https://github.com/storybookjs/storybook,프론트엔드,프론트엔드,ai_classifier_rerank,1,1,1,프론트엔드,프론트엔드 | SW/솔루션 | 프론트엔드 | 프론트엔드 | SW/솔루션,0.8492 | 0.8553 | 0.8327 | 0.8274 | 0.8286,0.8652 | 0.8553 | 0.8487 | 0.8434 | 0.8286,프론트엔드 개발자 | L4-L7 스위치 가상화 솔루션 개발 경력 | [경력] 프론트엔드 개발자 | 프론트엔드 개발자 | Application 개발자,,,프론트엔드,프론트엔드:0.1600 | 크로스플랫폼 앱:0.1500 | devops/시스템 엔지니어:0.1433 | iOS:0.1300 | 안드로이드:0.1167,0.1
vitejs/vite,https://github.com/vitejs/vite,프론트엔드,프론트엔드,faiss_only,0,1,1,SW/솔루션,SW/솔루션 | SW/솔루션 | 프론트엔드 | SW/솔루션 | 서버/백엔드,0.8483 | 0.8209 | 0.8191 | 0.8178 | 0.8168,0.8483 | 0.8209 | 0.8191 | 0.8178 | 0.8168,L4-L7 스위치 가상화 솔루션 개발 경력 | 이리온 C++ 어플리케이션 개발자(서울) | 프론트엔드 개발자 | GitLab 솔루션 엔지니어 | 백엔드 개발자,,,,,
vitejs/vite,https://github.com/vitejs/vite,프론트엔드,프론트엔드,domain_rerank,1,1,1,프론트엔드,프론트엔드 | 서버/백엔드 | SW/솔루션 | SW/솔루션 | SW/솔루션,0.8191 | 0.8168 | 0.8483 | 0.8209 | 0.8178,0.8691 | 0.8668 | 0.8483 | 0.8209 | 0.8178,프론트엔드 개발자 | 백엔드 개발자 | L4-L7 스위치 가상화 솔루션 개발 경력 | 이리온 C++ 어플리케이션 개발자(서울) | GitLab 솔루션 엔지니어,게임 개발 | 웹 프론트엔드 | 서버/백엔드 | 모바일 앱 | 도구 개발 | ML/AI,0.05,,,
vitejs/vite,https://github.com/vitejs/vite,프론트엔드,프론트엔드,ai_classifier_rerank,0,1,1,SW/솔루션,SW/솔루션 | 서버/백엔드 | 프론트엔드 | SW/솔루션 | SW/솔루션,0.8483 | 0.8168 | 0.8191 | 0.8209 | 0.8178,0.8483 | 0.8301 | 0.8258 | 0.8209 | 0.8178,L4-L7 스위치 가상화 솔루션 개발 경력 | 백엔드 개발자 | 프론트엔드 개발자 | 이리온 C++ 어플리케이션 개발자(서울) | GitLab 솔루션 엔지니어,,,게임 서버,게임 서버:0.1467 | 서버/백엔드:0.1333 | HW/임베디드:0.1300 | 크로스플랫폼 앱:0.1100 | 게임 클라이언트:0.0867,0.1
calcom/cal.com,https://github.com/calcom/cal.com,웹 풀스택,웹 풀스택,faiss_only,0,0,0,SW/솔루션,SW/솔루션 | SW/솔루션 | 프론트엔드 | 서버/백엔드 | SW/솔루션,0.8665 | 0.8551 | 0.8483 | 0.8404 | 0.8396,0.8665 | 0.8551 | 0.8483 | 0.8404 | 0.8396,L4-L7 스위치 가상화 솔루션 개발 경력 | GitLab 솔루션 엔지니어 | 프론트엔드 개발자 | 서버/백엔드 개발자 채용 (경력1년~4년) | WEBFRONT-K GUI 개발,,,,,
calcom/cal.com,https://github.com/calcom/cal.com,웹 풀스택,웹 풀스택,domain_rerank,0,0,0,프론트엔드,프론트엔드 | 서버/백엔드 | SW/솔루션 | SW/솔루션 | SW/솔루션,0.8483 | 0.8404 | 0.8665 | 0.8551 | 0.8396,0.8983 | 0.8904 | 0.8665 | 0.8551 | 0.8396,프론트엔드 개발자 | 서버/백엔드 개발자 채용 (경력1년~4년) | L4-L7 스위치 가상화 솔루션 개발 경력 | GitLab 솔루션 엔지니어 | WEBFRONT-K GUI 개발,게임 개발 | 웹 프론트엔드 | 서버/백엔드 | ML/AI | 모바일 앱 | 블록체인 | 빅데이터 엔지니어 | 도구 개발 | DevOps/인프라,0.05,,,
calcom/cal.com,https://github.com/calcom/cal.com,웹 풀스택,웹 풀스택,ai_classifier_rerank,0,0,0,SW/솔루션,SW/솔루션 | SW/솔루션 | 프론트엔드 | 서버/백엔드 | SW/솔루션,0.8665 | 0.8551 | 0.8483 | 0.8404 | 0.8396,0.8665 | 0.8551 | 0.8496 | 0.8414 | 0.8396,L4-L7 스위치 가상화 솔루션 개발 경력 | GitLab 솔루션 엔지니어 | 프론트엔드 개발자 | 서버/백엔드 개발자 채용 (경력1년~4년) | WEBFRONT-K GUI 개발,,,웹 풀스택,웹 풀스택:0.7875 | 게임 클라이언트:0.0367 | HW/임베디드:0.0300 | 빅데이터 엔지니어:0.0267 | devops/시스템 엔지니어:0.0233,0.1
appwrite/appwrite,https://github.com/appwrite/appwrite,웹 풀스택,웹 풀스택,faiss_only,0,0,0,SW/솔루션,SW/솔루션 | SW/솔루션 | SW/솔루션 | devops/시스템 엔지니어 | devops/시스템 엔지니어,0.8462 | 0.8445 | 0.8273 | 0.8249 | 0.8218,0.8462 | 0.8445 | 0.8273 | 0.8249 | 0.8218,GitLab 솔루션 엔지니어 | L4-L7 스위치 가상화 솔루션 개발 경력 | 이리온 C++ 어플리케이션 개발자(서울) | SRE/DevOps Engineer | 개발자(devops/시스템엔지니어) 채용 (경력1년~4년),,,,,
appwrite/appwrite,https://github.com/appwrite/appwrite,웹 풀스택,웹 풀스택,domain_rerank,0,0,0,devops/시스템 엔지니어,devops/시스템 엔지니어 | devops/시스템 엔지니어 | SW/솔루션 | SW/솔루션 | SW/솔루션,0.8249 | 0.8218 | 0.8462 | 0.8445 | 0.8273,0.8749 | 0.8718 | 0.8462 | 0.8445 | 0.8273,SRE/DevOps Engineer | 개발자(devops/시스템엔지니어) 채용 (경력1년~4년) | GitLab 솔루션 엔지니어 | L4-L7 스위치 가상화 솔루션 개발 경력 | 이리온 C++ 어플리케이션 개발자(서울),웹 프론트엔드 | 서버/백엔드 | ML/AI | 빅데이터 엔지니어 | 게임 개발 | 모바일 앱 | DevOps/인프라,0.05,,,
appwrite/appwrite,https://github.com/appwrite/appwrite,웹 풀스택,웹 풀스택,ai_classifier_rerank,0,0,0,SW/솔루션,SW/솔루션 | SW/솔루션 | SW/솔루션 | devops/시스템 엔지니어 | devops/시스템 엔지니어,0.8462 | 0.8445 | 0.8273 | 0.8249 | 0.8218,0.8462 | 0.8445 | 0.8273 | 0.8259 | 0.8228,GitLab 솔루션 엔지니어 | L4-L7 스위치 가상화 솔루션 개발 경력 | 이리온 C++ 어플리케이션 개발자(서울) | SRE/DevOps Engineer | 개발자(devops/시스템엔지니어) 채용 (경력1년~4년),,,웹 풀스택,웹 풀스택:0.7533 | 게임 서버:0.0667 | 크로스플랫폼 앱:0.0367 | 빅데이터 엔지니어:0.0333 | 서버/백엔드:0.0233,0.1
strapi/strapi,https://github.com/strapi/strapi,웹 풀스택,웹 풀스택,faiss_only,0,0,0,SW/솔루션,SW/솔루션 | 프론트엔드 | 프론트엔드 | 프론트엔드 | SW/솔루션,0.8513 | 0.8421 | 0.8364 | 0.8338 | 0.8296,0.8513 | 0.8421 | 0.8364 | 0.8338 | 0.8296,L4-L7 스위치 가상화 솔루션 개발 경력 | 프론트엔드 개발자 | [경력] 프론트엔드 개발자 | 프론트엔드 개발자 | GitLab 솔루션 엔지니어,,,,,
strapi/strapi,https://github.com/strapi/strapi,웹 풀스택,웹 풀스택,domain_rerank,0,0,0,프론트엔드,프론트엔드 | 프론트엔드 | 프론트엔드 | SW/솔루션 | SW/솔루션,0.8421 | 0.8364 | 0.8338 | 0.8513 | 0.8296,0.8921 | 0.8864 | 0.8838 | 0.8513 | 0.8296,프론트엔드 개발자 | [경력] 프론트엔드 개발자 | 프론트엔드 개발자 | L4-L7 스위치 가상화 솔루션 개발 경력 | GitLab 솔루션 엔지니어,게임 개발 | 웹 프론트엔드 | 서버/백엔드 | 모바일 앱 | 블록체인 | 빅데이터 엔지니어 | 도구 개발 | ML/AI | DevOps/인프라,0.05,,,
strapi/strapi,https://github.com/strapi/strapi,웹 풀스택,웹 풀스택,ai_classifier_rerank,0,0,0,SW/솔루션,SW/솔루션 | 프론트엔드 | 프론트엔드 | 프론트엔드 | SW/솔루션,0.8513 | 0.8421 | 0.8364 | 0.8338 | 0.8296,0.8513 | 0.8441 | 0.8384 | 0.8358 | 0.8296,L4-L7 스위치 가상화 솔루션 개발 경력 | 프론트엔드 개발자 | [경력] 프론트엔드 개발자 | 프론트엔드 개발자 | GitLab 솔루션 엔지니어,,,웹 풀스택,웹 풀스택:0.7533 | devops/시스템 엔지니어:0.0667 | 빅데이터 엔지니어:0.0433 | 게임 클라이언트:0.0233 | HW/임베디드:0.0200,0.1
directus/directus,https://github.com/directus/directus,웹 풀스택,웹 풀스택,faiss_only,0,0,0,SW/솔루션,SW/솔루션 | 프론트엔드 | 서버/백엔드 | 서버/백엔드 | iOS,0.8758 | 0.8564 | 0.8464 | 0.8441 | 0.8417,0.8758 | 0.8564 | 0.8464 | 0.8441 | 0.8417,L4-L7 스위치 가상화 솔루션 개발 경력 | 프론트엔드 개발자 | Server팀 백엔드 개발자 경력 채용 | 백엔드 엔지니어 채용(경력3~5년) | ADC(L4-L7 스위치) 애플리케이션 개발,,,,,
directus/directus,https://github.com/directus/directus,웹 풀스택,웹 풀스택,domain_rerank,0,0,0,프론트엔드,프론트엔드 | 서버/백엔드 | 서버/백엔드 | iOS | SW/솔루션,0.8564 | 0.8464 | 0.8441 | 0.8417 | 0.8758,0.9064 | 0.8964 | 0.8941 | 0.8917 | 0.8758,프론트엔드 개발자 | Server팀 백엔드 개발자 경력 채용 | 백엔드 엔지니어 채용(경력3~5년) | ADC(L4-L7 스위치) 애플리케이션 개발 | L4-L7 스위치 가상화 솔루션 개발 경력,게임 개발 | 웹 프론트엔드 | 서버/백엔드 | ML/AI | 모바일 앱 | 빅데이터 엔지니어 | 도구 개발 | DevOps/인프라,0.05,,,
directus/directus,https://github.com/directus/directus,웹 풀스택,웹 풀스택,ai_classifier_rerank,0,0,0,SW/솔루션,SW/솔루션 | 프론트엔드 | 서버/백엔드 | 서버/백엔드 | iOS,0.8758 | 0.8564 | 0.8464 | 0.8441 | 0.8417,0.8758 | 0.8591 | 0.8530 | 0.8508 | 0.8427,L4-L7 스위치 가상화 솔루션 개발 경력 | 프론트엔드 개발자 | Server팀 백엔드 개발자 경력 채용 | 백엔드 엔지니어 채용(경력3~5년) | ADC(L4-L7 스위치) 애플리케이션 개발,,,웹 풀스택,웹 풀스택:0.7967 | 서버/백엔드:0.0667 | HW/임베디드:0.0333 | 프론트엔드:0.0267 | QA 엔지니어:0.0200,0.1
novuhq/novu,https://github.com/novuhq/novu,웹 풀스택,웹 풀스택,faiss_only,0,0,0,SW/솔루션,SW/솔루션 | SW/솔루션 | iOS | 프론트엔드 | 서버/백엔드,0.8315 | 0.8217 | 0.8056 | 0.8045 | 0.8035,0.8315 | 0.8217 | 0.8056 | 0.8045 | 0.8035,L4-L7 스위치 가상화 솔루션 개발 경력 | GitLab 솔루션 엔지니어 | ADC(L4-L7 스위치) 애플리케이션 개발 | 프론트엔드 개발자 | 경력 개발자(백엔드) 채용,,,,,
novuhq/novu,https://github.com/novuhq/novu,웹 풀스택,웹 풀스택,domain_rerank,0,0,0,iOS,iOS | 프론트엔드 | 서버/백엔드 | SW/솔루션 | SW/솔루션,0.8056 | 0.8045 | 0.8035 | 0.8315 | 0.8217,0.8556 | 0.8545 | 0.8535 | 0.8315 | 0.8217,ADC(L4-L7 스위치) 애플리케이션 개발 | 프론트엔드 개발자 | 경력 개발자(백엔드) 채용 | L4-L7 스위치 가상화 솔루션 개발 경력 | GitLab 솔루션 엔지니어,게임 개발 | 웹 프론트엔드 | 서버/백엔드 | ML/AI | 모바일 앱 | DevOps/인프라 | 빅데이터 엔지니어 | 도구 개발 | 블록체인,0.05,,,
novuhq/novu,https://github.com/novuhq/novu,웹 풀스택,웹 풀스택,ai_classifier_rerank,0,0,0,SW/솔루션,SW/솔루션 | SW/솔루션 | 프론트엔드 | iOS | 서버/백엔드,0.8315 | 0.8217 | 0.8045 | 0.8056 | 0.8035,0.8315 | 0.8217 | 0.8098 | 0.8066 | 0.8052,L4-L7 스위치 가상화 솔루션 개발 경력 | GitLab 솔루션 엔지니어 | 프론트엔드 개발자 | ADC(L4-L7 스위치) 애플리케이션 개발 | 경력 개발자(백엔드) 채용,,,웹 풀스택,웹 풀스택:0.6533 | 게임 클라이언트:0.0633 | 프론트엔드:0.0533 | 블록체인:0.0500 | 크로스플랫폼 앱:0.0400,0.1
supabase/supabase,https://github.com/supabase/supabase,웹 풀스택,웹 풀스택,faiss_only,0,0,0,SW/솔루션,SW/솔루션 | 프론트엔드 | 서버/백엔드 | 프론트엔드 | iOS,0.8593 | 0.8391 | 0.8356 | 0.8338 | 0.8328,0.8593 | 0.8391 | 0.8356 | 0.8338 | 0.8328,L4-L7 스위치 가상화 솔루션 개발 경력 | [경력] 프론트엔드 개발자 | 백엔드 엔지니어 채용(경력3~5년) | 프론트엔드 개발자 | ADC(L4-L7 스위치) 애플리케이션 개발,,,,,
supabase/supabase,https://github.com/supabase/supabase,웹 풀스택,웹 풀스택,domain_rerank,0,0,0,프론트엔드,프론트엔드 | 서버/백엔드 | 프론트엔드 | iOS | SW/솔루션,0.8391 | 0.8356 | 0.8338 | 0.8328 | 0.8593,0.8891 | 0.8856 | 0.8838 | 0.8828 | 0.8593,[경력] 프론트엔드 개발자 | 백엔드 엔지니어 채용(경력3~5년) | 프론트엔드 개발자 | ADC(L4-L7 스위치) 애플리케이션 개발 | L4-L7 스위치 가상화 솔루션 개발 경력,게임 개발 | 웹 프론트엔드 | 서버/백엔드 | ML/AI | 모바일 앱 | DevOps/인프라 | 블록체인 | 빅데이터 엔지니어 | 도구 개발,0.05,,,
supabase/supabase,https://github.com/supabase/supabase,웹 풀스택,웹 풀스택,ai_classifier_rerank,0,0,0,SW/솔루션,SW/솔루션 | 프론트엔드 | 서버/백엔드 | 프론트엔드 | iOS,0.8593 | 0.8391 | 0.8356 | 0.8338 | 0.8328,0.8593 | 0.8398 | 0.8359 | 0.8345 | 0.8331,L4-L7 스위치 가상화 솔루션 개발 경력 | [경력] 프론트엔드 개발자 | 백엔드 엔지니어 채용(경력3~5년) | 프론트엔드 개발자 | ADC(L4-L7 스위치) 애플리케이션 개발,,,웹 풀스택,웹 풀스택:0.8649 | 게임 클라이언트:0.0333 | HW/임베디드:0.0233 | 게임 서버:0.0200 | 크로스플랫폼 앱:0.0167,0.1
rocket-chat/rocket.chat,https://github.com/rocket-chat/rocket.chat,웹 풀스택,웹 풀스택,faiss_only,0,0,0,서버/백엔드,서버/백엔드 | 서버/백엔드 | 서버/백엔드 | SW/솔루션 | devops/시스템 엔지니어,0.5323 | 0.5255 | 0.5214 | 0.5185 | 0.5122,0.5323 | 0.5255 | 0.5214 | 0.5185 | 0.5122,백엔드 개발자 | 백엔드 경력 채용 (2~5년) | 백엔드 개발자 2년 이상 | 보안 취약점 분석 담당(6년↑) | 카카오/네이버 연계시스템 서버 개발자,,,,,
rocket-chat/rocket.chat,https://github.com/rocket-chat/rocket.chat,웹 풀스택,웹 풀스택,domain_rerank,0,0,0,서버/백엔드,서버/백엔드 | 서버/백엔드 | 서버/백엔드 | SW/솔루션 | devops/시스템 엔지니어,0.5323 | 0.5255 | 0.5214 | 0.5185 | 0.5122,0.5323 | 0.5255 | 0.5214 | 0.5185 | 0.5122,백엔드 개발자 | 백엔드 경력 채용 (2~5년) | 백엔드 개발자 2년 이상 | 보안 취약점 분석 담당(6년↑) | 카카오/네이버 연계시스템 서버 개발자,,0.05,,,
rocket-chat/rocket.chat,https://github.com/rocket-chat/rocket.chat,웹 풀스택,웹 풀스택,ai_classifier_rerank,0,0,0,서버/백엔드,서버/백엔드 | 서버/백엔드 | 서버/백엔드 | SW/솔루션 | devops/시스템 엔지니어,0.5323 | 0.5255 | 0.5214 | 0.5185 | 0.5122,0.5323 | 0.5255 | 0.5214 | 0.5185 | 0.5122,백엔드 개발자 | 백엔드 경력 채용 (2~5년) | 백엔드 개발자 2년 이상 | 보안 취약점 분석 담당(6년↑) | 카카오/네이버 연계시스템 서버 개발자,,,QA 엔지니어,QA 엔지니어:0.2795 | 웹 풀스택:0.2489 | 안드로이드:0.2402 | 게임 서버:0.2214 | DBA:0.0033,0.1
mattermost/mattermost,https://github.com/mattermost/mattermost,웹 풀스택,웹 풀스택,faiss_only,0,0,0,SW/솔루션,SW/솔루션 | SW/솔루션 | iOS | 프론트엔드 | SW/솔루션,0.8412 | 0.8319 | 0.8134 | 0.8127 | 0.8106,0.8412 | 0.8319 | 0.8134 | 0.8127 | 0.8106,L4-L7 스위치 가상화 솔루션 개발 경력 | GitLab 솔루션 엔지니어 | ADC(L4-L7 스위치) 애플리케이션 개발 | 프론트엔드 개발자 | S/W 개발 (사원 ~ 선임),,,,,
mattermost/mattermost,https://github.com/mattermost/mattermost,웹 풀스택,웹 풀스택,domain_rerank,0,0,0,iOS,iOS | 프론트엔드 | SW/솔루션 | SW/솔루션 | SW/솔루션,0.8134 | 0.8127 | 0.8412 | 0.8319 | 0.8106,0.8634 | 0.8627 | 0.8412 | 0.8319 | 0.8106,ADC(L4-L7 스위치) 애플리케이션 개발 | 프론트엔드 개발자 | L4-L7 스위치 가상화 솔루션 개발 경력 | GitLab 솔루션 엔지니어 | S/W 개발 (사원 ~ 선임),게임 개발 | 웹 프론트엔드 | 서버/백엔드 | 모바일 앱 | DevOps/인프라 | 빅데이터 엔지니어 | 도구 개발 | ML/AI,0.05,,,
mattermost/mattermost,https://github.com/mattermost/mattermost,웹 풀스택,웹 풀스택,ai_classifier_rerank,0,0,0,SW/솔루션,SW/솔루션 | SW/솔루션 | 프론트엔드 | iOS | SW/솔루션,0.8412 | 0.8319 | 0.8127 | 0.8134 | 0.8106,0.8412 | 0.8319 | 0.8184 | 0.8147 | 0.8106,L4-L7 스위치 가상화 솔루션 개발 경력 | GitLab 솔루션 엔지니어 | 프론트엔드 개발자 | ADC(L4-L7 스위치) 애플리케이션 개발 | S/W 개발 (사원 ~ 선임),,,devops/시스템 엔지니어,devops/시스템 엔지니어:0.2000 | 서버/백엔드:0.1833 | HW/임베디드:0.1033 | 빅데이터 엔지니어:0.0833 | 인공지능/머신러닝:0.0833,0.1
discourse/discourse,https://github.com/discourse/discourse,웹 풀스택,웹 풀스택,faiss_only,0,0,0,SW/솔루션,SW/솔루션 | SW/솔루션 | SW/솔루션 | devops/시스템 엔지니어 | devops/시스템 엔지니어,0.8435 | 0.8303 | 0.8242 | 0.8196 | 0.8110,0.8435 | 0.8303 | 0.8242 | 0.8196 | 0.8110,GitLab 솔루션 엔지니어 | L4-L7 스위치 가상화 솔루션 개발 경력 | 이리온 C++ 어플리케이션 개발자(서울) | SRE/DevOps Engineer | 개발자(devops/시스템엔지니어) 채용 (경력1년~4년),,,,,
discourse/discourse,https://github.com/discourse/discourse,웹 풀스택,웹 풀스택,domain_rerank,0,0,0,devops/시스템 엔지니어,devops/시스템 엔지니어 | devops/시스템 엔지니어 | SW/솔루션 | SW/솔루션 | SW/솔루션,0.8196 | 0.8110 | 0.8435 | 0.8303 | 0.8242,0.8696 | 0.8610 | 0.8435 | 0.8303 | 0.8242,SRE/DevOps Engineer | 개발자(devops/시스템엔지니어) 채용 (경력1년~4년) | GitLab 솔루션 엔지니어 | L4-L7 스위치 가상화 솔루션 개발 경력 | 이리온 C++ 어플리케이션 개발자(서울),게임 개발 | 웹 프론트엔드 | 서버/백엔드 | ML/AI | 모바일 앱 | DevOps/인프라 | 블록체인 | 빅데이터 엔지니어 | 도구 개발,0.05,,,
discourse/discourse,https://github.com/discourse/discourse,웹 풀스택,웹 풀스택,ai_classifier_rerank,0,0,0,SW/솔루션,SW/솔루션 | SW/솔루션 | SW/솔루션 | devops/시스템 엔지니어 | devops/시스템 엔지니어,0.8435 | 0.8303 | 0.8242 | 0.8196 | 0.8110,0.8435 | 0.8303 | 0.8242 | 0.8226 | 0.8140,GitLab 솔루션 엔지니어 | L4-L7 스위치 가상화 솔루션 개발 경력 | 이리온 C++ 어플리케이션 개발자(서울) | SRE/DevOps Engineer | 개발자(devops/시스템엔지니어) 채용 (경력1년~4년),,,웹 풀스택,웹 풀스택:0.6367 | 인공지능/머신러닝:0.1133 | HW/임베디드:0.0700 | 게임 클라이언트:0.0500 | devops/시스템 엔지니어:0.0300,0.1
open-project/openproject,https://github.com/open-project/openproject,웹 풀스택,웹 풀스택,faiss_only,0,0,0,서버/백엔드,서버/백엔드 | 서버/백엔드 | 서버/백엔드 | SW/솔루션 | devops/시스템 엔지니어,0.5323 | 0.5255 | 0.5214 | 0.5185 | 0.5122,0.5323 | 0.5255 | 0.5214 | 0.5185 | 0.5122,백엔드 개발자 | 백엔드 경력 채용 (2~5년) | 백엔드 개발자 2년 이상 | 보안 취약점 분석 담당(6년↑) | 카카오/네이버 연계시스템 서버 개발자,,,,,
open-project/openproject,https://github.com/open-project/openproject,웹 풀스택,웹 풀스택,domain_rerank,0,0,0,서버/백엔드,서버/백엔드 | 서버/백엔드 | 서버/백엔드 | SW/솔루션 | devops/시스템 엔지니어,0.5323 | 0.5255 | 0.5214 | 0.5185 | 0.5122,0.5323 | 0.5255 | 0.5214 | 0.5185 | 0.5122,백엔드 개발자 | 백엔드 경력 채용 (2~5년) | 백엔드 개발자 2년 이상 | 보안 취약점 분석 담당(6년↑) | 카카오/네이버 연계시스템 서버 개발자,,0.05,,,
open-project/openproject,https://github.com/open-project/openproject,웹 풀스택,웹 풀스택,ai_classifier_rerank,0,0,0,서버/백엔드,서버/백엔드 | 서버/백엔드 | 서버/백엔드 | SW/솔루션 | devops/시스템 엔지니어,0.5323 | 0.5255 | 0.5214 | 0.5185 | 0.5122,0.5323 | 0.5255 | 0.5214 | 0.5185 | 0.5122,백엔드 개발자 | 백엔드 경력 채용 (2~5년) | 백엔드 개발자 2년 이상 | 보안 취약점 분석 담당(6년↑) | 카카오/네이버 연계시스템 서버 개발자,,,QA 엔지니어,QA 엔지니어:0.2795 | 웹 풀스택:0.2489 | 안드로이드:0.2402 | 게임 서버:0.2214 | DBA:0.0033,0.1
huggingface/transformers,https://github.com/huggingface/transformers,인공지능/머신러닝,인공지능/머신러닝,faiss_only,0,0,0,SW/솔루션,SW/솔루션 | SW/솔루션 | SW/솔루션 | SW/솔루션 | SW/솔루션,0.8390 | 0.8361 | 0.8358 | 0.8318 | 0.8271,0.8390 | 0.8361 | 0.8358 | 0.8318 | 0.8271,S/W 개발 (사원 ~ 선임) | GitLab 솔루션 엔지니어 | L4-L7 스위치 가상화 솔루션 개발 경력 | MLOps Engineer | AI솔루션 AI엔지니어(4~6년),,,,,
huggingface/transformers,https://github.com/huggingface/transformers,인공지능/머신러닝,인공지능/머신러닝,domain_rerank,0,0,0,SW/솔루션,SW/솔루션 | SW/솔루션 | SW/솔루션 | SW/솔루션 | SW/솔루션,0.8390 | 0.8361 | 0.8358 | 0.8318 | 0.8271,0.8390 | 0.8361 | 0.8358 | 0.8318 | 0.8271,S/W 개발 (사원 ~ 선임) | GitLab 솔루션 엔지니어 | L4-L7 스위치 가상화 솔루션 개발 경력 | MLOps Engineer | AI솔루션 AI엔지니어(4~6년),게임 개발 | 웹 프론트엔드 | 서버/백엔드 | ML/AI | DevOps/인프라 | 블록체인 | 빅데이터 엔지니어 | 모바일 앱,0.05,,,
huggingface/transformers,https://github.com/huggingface/transformers,인공지능/머신러닝,인공지능/머신러닝,ai_classifier_rerank,0,0,0,SW/솔루션,SW/솔루션 | SW/솔루션 | SW/솔루션 | SW/솔루션 | SW/솔루션,0.8390 | 0.8361 | 0.8358 | 0.8318 | 0.8271,0.8390 | 0.8361 | 0.8358 | 0.8318 | 0.8271,S/W 개발 (사원 ~ 선임) | GitLab 솔루션 엔지니어 | L4-L7 스위치 가상화 솔루션 개발 경력 | MLOps Engineer | AI솔루션 AI엔지니어(4~6년),,,인공지능/머신러닝,인공지능/머신러닝:0.7700 | 웹 풀스택:0.0467 | iOS:0.0367 | devops/시스템 엔지니어:0.0300 | 빅데이터 엔지니어:0.0300,0.1
langchain-ai/langchain,https://github.com/langchain-ai/langchain,인공지능/머신러닝,인공지능/머신러닝,faiss_only,0,0,0,SW/솔루션,SW/솔루션 | SW/솔루션 | SW/솔루션 | devops/시스템 엔지니어 | devops/시스템 엔지니어,0.8310 | 0.8153 | 0.8104 | 0.8027 | 0.7990,0.8310 | 0.8153 | 0.8104 | 0.8027 | 0.7990,GitLab 솔루션 엔지니어 | L4-L7 스위치 가상화 솔루션 개발 경력 | 이리온 C++ 어플리케이션 개발자(서울) | SRE/DevOps Engineer | DevOps(K8s 기반) CI/CD 개발 엔지니어,,,,,
langchain-ai/langchain,https://github.com/langchain-ai/langchain,인공지능/머신러닝,인공지능/머신러닝,domain_rerank,0,0,0,devops/시스템 엔지니어,devops/시스템 엔지니어 | devops/시스템 엔지니어 | SW/솔루션 | SW/솔루션 | SW/솔루션,0.8027 | 0.7990 | 0.8310 | 0.8153 | 0.8104,0.8527 | 0.8490 | 0.8310 | 0.8153 | 0.8104,SRE/DevOps Engineer | DevOps(K8s 기반) CI/CD 개발 엔지니어 | GitLab 솔루션 엔지니어 | L4-L7 스위치 가상화 솔루션 개발 경력 | 이리온 C++ 어플리케이션 개발자(서울),게임 개발 | 웹 프론트엔드 | 서버/백엔드 | ML/AI | 빅데이터 엔지니어 | 도구 개발 | 모바일 앱 | DevOps/인프라,0.05,,,
langchain-ai/langchain,https://github.com/langchain-ai/langchain,인공지능/머신러닝,인공지능/머신러닝,ai_classifier_rerank,0,0,0,SW/솔루션,SW/솔루션 | SW/솔루션 | SW/솔루션 | devops/시스템 엔지니어 | devops/시스템 엔지니어,0.8310 | 0.8153 | 0.8104 | 0.8027 | 0.7990,0.8310 | 0.8153 | 0.8104 | 0.8087 | 0.8050,GitLab 솔루션 엔지니어 | L4-L7 스위치 가상화 솔루션 개발 경력 | 이리온 C++ 어플리케이션 개발자(서울) | SRE/DevOps Engineer | DevOps(K8s 기반) CI/CD 개발 엔지니어,,,HW/임베디드,HW/임베디드:0.3000 | 블록체인:0.2067 | 인공지능/머신러닝:0.1567 | iOS:0.0900 | 안드로이드:0.0633,0.1
vllm-project/vllm,https://github.com/vllm-project/vllm,인공지능/머신러닝,인공지능/머신러닝,faiss_only,0,0,0,SW/솔루션,SW/솔루션 | 프론트엔드 | SW/솔루션 | 서버/백엔드 | 프론트엔드,0.8159 | 0.8069 | 0.8043 | 0.7988 | 0.7966,0.8159 | 0.8069 | 0.8043 | 0.7988 | 0.7966,GitLab 솔루션 엔지니어 | 프론트엔드 개발자 | L4-L7 스위치 가상화 솔루션 개발 경력 | 서버/백엔드 개발자 채용 (경력1년~4년) | 프론트엔드 개발자,,,,,
vllm-project/vllm,https://github.com/vllm-project/vllm,인공지능/머신러닝,인공지능/머신러닝,domain_rerank,0,0,0,프론트엔드,프론트엔드 | 서버/백엔드 | 프론트엔드 | SW/솔루션 | SW/솔루션,0.8069 | 0.7988 | 0.7966 | 0.8159 | 0.8043,0.8569 | 0.8488 | 0.8466 | 0.8159 | 0.8043,프론트엔드 개발자 | 서버/백엔드 개발자 채용 (경력1년~4년) | 프론트엔드 개발자 | GitLab 솔루션 엔지니어 | L4-L7 스위치 가상화 솔루션 개발 경력,게임 개발 | 웹 프론트엔드 | 서버/백엔드 | ML/AI | DevOps/인프라 | 빅데이터 엔지니어 | 모바일 앱,0.05,,,
vllm-project/vllm,https://github.com/vllm-project/vllm,인공지능/머신러닝,인공지능/머신러닝,ai_classifier_rerank,0,0,0,SW/솔루션,SW/솔루션 | 프론트엔드 | SW/솔루션 | 서버/백엔드 | 프론트엔드,0.8159 | 0.8069 | 0.8043 | 0.7988 | 0.7966,0.8159 | 0.8082 | 0.8043 | 0.8028 | 0.7979,GitLab 솔루션 엔지니어 | 프론트엔드 개발자 | L4-L7 스위치 가상화 솔루션 개발 경력 | 서버/백엔드 개발자 채용 (경력1년~4년) | 프론트엔드 개발자,,,인공지능/머신러닝,인공지능/머신러닝:0.7200 | devops/시스템 엔지니어:0.0833 | 빅데이터 엔지니어:0.0567 | iOS:0.0400 | 서버/백엔드:0.0400,0.1
pytorch/pytorch,https://github.com/pytorch/pytorch,인공지능/머신러닝,인공지능/머신러닝,faiss_only,0,0,0,SW/솔루션,SW/솔루션 | iOS | SW/솔루션 | SW/솔루션 | SW/솔루션,0.8125 | 0.8007 | 0.7994 | 0.7987 | 0.7909,0.8125 | 0.8007 | 0.7994 | 0.7987 | 0.7909,GitLab 솔루션 엔지니어 | ADC(L4-L7 스위치) 애플리케이션 개발 | L4-L7 스위치 가상화 솔루션 개발 경력 | Linux System Engineer | S/W 개발 (사원 ~ 선임),,,,,
pytorch/pytorch,https://github.com/pytorch/pytorch,인공지능/머신러닝,인공지능/머신러닝,domain_rerank,0,0,0,iOS,iOS | SW/솔루션 | SW/솔루션 | SW/솔루션 | SW/솔루션,0.8007 | 0.8125 | 0.7994 | 0.7987 | 0.7909,0.8507 | 0.8125 | 0.7994 | 0.7987 | 0.7909,ADC(L4-L7 스위치) 애플리케이션 개발 | GitLab 솔루션 엔지니어 | L4-L7 스위치 가상화 솔루션 개발 경력 | Linux System Engineer | S/W 개발 (사원 ~ 선임),게임 개발 | 웹 프론트엔드 | 서버/백엔드 | ML/AI | DevOps/인프라 | 블록체인 | 빅데이터 엔지니어 | 도구 개발 | 모바일 앱,0.05,,,
pytorch/pytorch,https://github.com/pytorch/pytorch,인공지능/머신러닝,인공지능/머신러닝,ai_classifier_rerank,0,0,0,SW/솔루션,SW/솔루션 | iOS | SW/솔루션 | SW/솔루션 | SW/솔루션,0.8125 | 0.8007 | 0.7994 | 0.7987 | 0.7909,0.8125 | 0.8007 | 0.7994 | 0.7987 | 0.7909,GitLab 솔루션 엔지니어 | ADC(L4-L7 스위치) 애플리케이션 개발 | L4-L7 스위치 가상화 솔루션 개발 경력 | Linux System Engineer | S/W 개발 (사원 ~ 선임),,,인공지능/머신러닝,인공지능/머신러닝:0.6500 | 빅데이터 엔지니어:0.1600 | 서버/백엔드:0.0567 | devops/시스템 엔지니어:0.0367 | 프론트엔드:0.0300,0.1
tensorflow/tensorflow,https://github.com/tensorflow/tensorflow,인공지능/머신러닝,인공지능/머신러닝,faiss_only,0,0,0,iOS,iOS | SW/솔루션 | SW/솔루션 | SW/솔루션 | SW/솔루션,0.8160 | 0.8152 | 0.8075 | 0.8037 | 0.8023,0.8160 | 0.8152 | 0.8075 | 0.8037 | 0.8023,ADC(L4-L7 스위치) 애플리케이션 개발 | S/W 개발 (사원 ~ 선임) | L4-L7 스위치 가상화 솔루션 개발 경력 | GitLab 솔루션 엔지니어 | Linux System Engineer,,,,,
tensorflow/tensorflow,https://github.com/tensorflow/tensorflow,인공지능/머신러닝,인공지능/머신러닝,domain_rerank,0,0,0,iOS,iOS | SW/솔루션 | SW/솔루션 | SW/솔루션 | SW/솔루션,0.8160 | 0.8152 | 0.8075 | 0.8037 | 0.8023,0.8660 | 0.8152 | 0.8075 | 0.8037 | 0.8023,ADC(L4-L7 스위치) 애플리케이션 개발 | S/W 개발 (사원 ~ 선임) | L4-L7 스위치 가상화 솔루션 개발 경력 | GitLab 솔루션 엔지니어 | Linux System Engineer,게임 개발 | 웹 프론트엔드 | 서버/백엔드 | ML/AI | 모바일 앱 | DevOps/인프라 | 블록체인 | 빅데이터 엔지니어 | 도구 개발,0.05,,,
tensorflow/tensorflow,https://github.com/tensorflow/tensorflow,인공지능/머신러닝,인공지능/머신러닝,ai_classifier_rerank,0,0,0,iOS,iOS | SW/솔루션 | SW/솔루션 | SW/솔루션 | SW/솔루션,0.8160 | 0.8152 | 0.8075 | 0.8037 | 0.8023,0.8167 | 0.8152 | 0.8075 | 0.8037 | 0.8023,ADC(L4-L7 스위치) 애플리케이션 개발 | S/W 개발 (사원 ~ 선임) | L4-L7 스위치 가상화 솔루션 개발 경력 | GitLab 솔루션 엔지니어 | Linux System Engineer,,,인공지능/머신러닝,인공지능/머신러닝:0.7500 | 빅데이터 엔지니어:0.0667 | HW/임베디드:0.0433 | devops/시스템 엔지니어:0.0300 | 웹 풀스택:0.0233,0.1
scikit-learn/scikit-learn,https://github.com/scikit-learn/scikit-learn,인공지능/머신러닝,인공지능/머신러닝,faiss_only,0,0,0,SW/솔루션,SW/솔루션 | SW/솔루션 | SW/솔루션 | devops/시스템 엔지니어 | devops/시스템 엔지니어,0.8381 | 0.8128 | 0.8098 | 0.8074 | 0.7997,0.8381 | 0.8128 | 0.8098 | 0.8074 | 0.7997,GitLab 솔루션 엔지니어 | L4-L7 스위치 가상화 솔루션 개발 경력 | 이리온 C++ 어플리케이션 개발자(서울) | SRE/DevOps Engineer | DevOps(K8s 기반) CI/CD 개발 엔지니어,,,,,
scikit-learn/scikit-learn,https://github.com/scikit-learn/scikit-learn,인공지능/머신러닝,인공지능/머신러닝,domain_rerank,0,0,0,SW/솔루션,SW/솔루션 | SW/솔루션 | SW/솔루션 | devops/시스템 엔지니어 | devops/시스템 엔지니어,0.8381 | 0.8128 | 0.8098 | 0.8074 | 0.7997,0.8381 | 0.8128 | 0.8098 | 0.8074 | 0.7997,GitLab 솔루션 엔지니어 | L4-L7 스위치 가상화 솔루션 개발 경력 | 이리온 C++ 어플리케이션 개발자(서울) | SRE/DevOps Engineer | DevOps(K8s 기반) CI/CD 개발 엔지니어,게임 개발 | 웹 프론트엔드 | ML/AI | 빅데이터 엔지니어 | 서버/백엔드 | 모바일 앱,0.05,,,
scikit-learn/scikit-learn,https://github.com/scikit-learn/scikit-learn,인공지능/머신러닝,인공지능/머신러닝,ai_classifier_rerank,0,0,0,SW/솔루션,SW/솔루션 | SW/솔루션 | SW/솔루션 | devops/시스템 엔지니어 | devops/시스템 엔지니어,0.8381 | 0.8128 | 0.8098 | 0.8074 | 0.7997,0.8381 | 0.8128 | 0.8098 | 0.8084 | 0.8007,GitLab 솔루션 엔지니어 | L4-L7 스위치 가상화 솔루션 개발 경력 | 이리온 C++ 어플리케이션 개발자(서울) | SRE/DevOps Engineer | DevOps(K8s 기반) CI/CD 개발 엔지니어,,,인공지능/머신러닝,인공지능/머신러닝:0.7233 | 블록체인:0.1200 | HW/임베디드:0.0333 | 안드로이드:0.0300 | iOS:0.0267,0.1
mlflow/mlflow,https://github.com/mlflow/mlflow,인공지능/머신러닝,인공지능/머신러닝,faiss_only,0,0,0,SW/솔루션,SW/솔루션 | SW/솔루션 | 프론트엔드 | 프론트엔드 | SW/솔루션,0.8361 | 0.8221 | 0.8189 | 0.8120 | 0.8115,0.8361 | 0.8221 | 0.8189 | 0.8120 | 0.8115,L4-L7 스위치 가상화 솔루션 개발 경력 | S/W 개발 (사원 ~ 선임) | 프론트엔드 개발자 | [경력] 프론트엔드 개발자 | GitLab 솔루션 엔지니어,,,,,
mlflow/mlflow,https://github.com/mlflow/mlflow,인공지능/머신러닝,인공지능/머신러닝,domain_rerank,0,0,0,프론트엔드,프론트엔드 | 프론트엔드 | SW/솔루션 | SW/솔루션 | SW/솔루션,0.8189 | 0.8120 | 0.8361 | 0.8221 | 0.8115,0.8689 | 0.8620 | 0.8361 | 0.8221 | 0.8115,프론트엔드 개발자 | [경력] 프론트엔드 개발자 | L4-L7 스위치 가상화 솔루션 개발 경력 | S/W 개발 (사원 ~ 선임) | GitLab 솔루션 엔지니어,게임 개발 | 웹 프론트엔드 | 서버/백엔드 | ML/AI | DevOps/인프라 | 블록체인 | 빅데이터 엔지니어 | 도구 개발 | 모바일 앱,0.05,,,
mlflow/mlflow,https://github.com/mlflow/mlflow,인공지능/머신러닝,인공지능/머신러닝,ai_classifier_rerank,0,0,0,SW/솔루션,SW/솔루션 | 프론트엔드 | SW/솔루션 | 프론트엔드 | SW/솔루션,0.8361 | 0.8189 | 0.8221 | 0.8120 | 0.8115,0.8361 | 0.8253 | 0.8221 | 0.8184 | 0.8115,L4-L7 스위치 가상화 솔루션 개발 경력 | 프론트엔드 개발자 | S/W 개발 (사원 ~ 선임) | [경력] 프론트엔드 개발자 | GitLab 솔루션 엔지니어,,,인공지능/머신러닝,인공지능/머신러닝:0.3933 | 빅데이터 엔지니어:0.1433 | devops/시스템 엔지니어:0.1333 | 프론트엔드:0.0633 | 웹 풀스택:0.0533,0.1
openai/openai-cookbook,https://github.com/openai/openai-cookbook,인공지능/머신러닝,인공지능/머신러닝,faiss_only,0,0,0,SW/솔루션,SW/솔루션 | 프론트엔드 | 프론트엔드 | SW/솔루션 | 프론트엔드,0.8097 | 0.8055 | 0.8035 | 0.8017 | 0.8003,0.8097 | 0.8055 | 0.8035 | 0.8017 | 0.8003,GitLab 솔루션 엔지니어 | 프론트엔드 개발자 | 프론트엔드 개발자 | L4-L7 스위치 가상화 솔루션 개발 경력 | [경력] 프론트엔드 개발자,,,,,
openai/openai-cookbook,https://github.com/openai/openai-cookbook,인공지능/머신러닝,인공지능/머신러닝,domain_rerank,0,0,0,프론트엔드,프론트엔드 | 프론트엔드 | 프론트엔드 | SW/솔루션 | SW/솔루션,0.8055 | 0.8035 | 0.8003 | 0.8097 | 0.8017,0.8555 | 0.8535 | 0.8503 | 0.8097 | 0.8017,프론트엔드 개발자 | 프론트엔드 개발자 | [경력] 프론트엔드 개발자 | GitLab 솔루션 엔지니어 | L4-L7 스위치 가상화 솔루션 개발 경력,게임 개발 | 웹 프론트엔드 | 서버/백엔드 | ML/AI | 모바일 앱 | DevOps/인프라 | 빅데이터 엔지니어 | 도구 개발,0.05,,,
openai/openai-cookbook,https://github.com/openai/openai-cookbook,인공지능/머신러닝,인공지능/머신러닝,ai_classifier_rerank,0,0,0,SW/솔루션,SW/솔루션 | 프론트엔드 | 프론트엔드 | SW/솔루션 | 프론트엔드,0.8097 | 0.8055 | 0.8035 | 0.8017 | 0.8003,0.8097 | 0.8059 | 0.8038 | 0.8017 | 0.8006,GitLab 솔루션 엔지니어 | 프론트엔드 개발자 | 프론트엔드 개발자 | L4-L7 스위치 가상화 솔루션 개발 경력 | [경력] 프론트엔드 개발자,,,인공지능/머신러닝,인공지능/머신러닝:0.6700 | 안드로이드:0.0959 | HW/임베디드:0.0767 | 게임 클라이언트:0.0567 | 블록체인:0.0367,0.1
Lightning-AI/pytorch-lightning,https://github.com/Lightning-AI/pytorch-lightning,인공지능/머신러닝,인공지능/머신러닝,faiss_only,0,0,0,SW/솔루션,SW/솔루션 | SW/솔루션 | SW/솔루션 | SW/솔루션 | devops/시스템 엔지니어,0.8409 | 0.8152 | 0.8132 | 0.8089 | 0.8073,0.8409 | 0.8152 | 0.8132 | 0.8089 | 0.8073,GitLab 솔루션 엔지니어 | L4-L7 스위치 가상화 솔루션 개발 경력 | MLOps Engineer | 이리온 C++ 어플리케이션 개발자(서울) | 스타트투데이 데브옵스(DevOps) 엔지니어,,,,,
Lightning-AI/pytorch-lightning,https://github.com/Lightning-AI/pytorch-lightning,인공지능/머신러닝,인공지능/머신러닝,domain_rerank,0,0,0,devops/시스템 엔지니어,devops/시스템 엔지니어 | SW/솔루션 | SW/솔루션 | SW/솔루션 | SW/솔루션,0.8073 | 0.8409 | 0.8152 | 0.8132 | 0.8089,0.8573 | 0.8409 | 0.8152 | 0.8132 | 0.8089,스타트투데이 데브옵스(DevOps) 엔지니어 | GitLab 솔루션 엔지니어 | L4-L7 스위치 가상화 솔루션 개발 경력 | MLOps Engineer | 이리온 C++ 어플리케이션 개발자(서울),게임 개발 | 웹 프론트엔드 | 서버/백엔드 | ML/AI | DevOps/인프라 | 빅데이터 엔지니어 | 모바일 앱 | 블록체인,0.05,,,
Lightning-AI/pytorch-lightning,https://github.com/Lightning-AI/pytorch-lightning,인공지능/머신러닝,인공지능/머신러닝,ai_classifier_rerank,0,0,0,SW/솔루션,SW/솔루션 | devops/시스템 엔지니어 | SW/솔루션 | SW/솔루션 | SW/솔루션,0.8409 | 0.8073 | 0.8152 | 0.8132 | 0.8089,0.8409 | 0.8153 | 0.8152 | 0.8132 | 0.8089,GitLab 솔루션 엔지니어 | 스타트투데이 데브옵스(DevOps) 엔지니어 | L4-L7 스위치 가상화 솔루션 개발 경력 | MLOps Engineer | 이리온 C++ 어플리케이션 개발자(서울),,,인공지능/머신러닝,인공지능/머신러닝:0.6967 | devops/시스템 엔지니어:0.0800 | 게임 클라이언트:0.0467 | 블록체인:0.0300 | 빅데이터 엔지니어:0.0300,0.1
deepspeedai/DeepSpeed,https://github.com/deepspeedai/DeepSpeed,인공지능/머신러닝,인공지능/머신러닝,faiss_only,0,0,0,SW/솔루션,SW/솔루션 | SW/솔루션 | SW/솔루션 | 프론트엔드 | SW/솔루션,0.8420 | 0.8194 | 0.8058 | 0.8038 | 0.8007,0.8420 | 0.8194 | 0.8058 | 0.8038 | 0.8007,L4-L7 스위치 가상화 솔루션 개발 경력 | 이리온 C++ 어플리케이션 개발자(서울) | GitLab 솔루션 엔지니어 | [경력] 프론트엔드 개발자 | AI개발자 모집,,,,,
deepspeedai/DeepSpeed,https://github.com/deepspeedai/DeepSpeed,인공지능/머신러닝,인공지능/머신러닝,domain_rerank,0,0,0,프론트엔드,프론트엔드 | SW/솔루션 | SW/솔루션 | SW/솔루션 | SW/솔루션,0.8038 | 0.8420 | 0.8194 | 0.8058 | 0.8007,0.8538 | 0.8420 | 0.8194 | 0.8058 | 0.8007,[경력] 프론트엔드 개발자 | L4-L7 스위치 가상화 솔루션 개발 경력 | 이리온 C++ 어플리케이션 개발자(서울) | GitLab 솔루션 엔지니어 | AI개발자 모집,웹 프론트엔드 | ML/AI | 빅데이터 엔지니어 | 게임 개발 | 서버/백엔드 | 모바일 앱 | DevOps/인프라 | 블록체인,0.05,,,
deepspeedai/DeepSpeed,https://github.com/deepspeedai/DeepSpeed,인공지능/머신러닝,인공지능/머신러닝,ai_classifier_rerank,0,0,0,SW/솔루션,SW/솔루션 | SW/솔루션 | SW/솔루션 | 프론트엔드 | SW/솔루션,0.8420 | 0.8194 | 0.8058 | 0.8038 | 0.8007,0.8420 | 0.8194 | 0.8058 | 0.8041 | 0.8007,L4-L7 스위치 가상화 솔루션 개발 경력 | 이리온 C++ 어플리케이션 개발자(서울) | GitLab 솔루션 엔지니어 | [경력] 프론트엔드 개발자 | AI개발자 모집,,,인공지능/머신러닝,인공지능/머신러닝:0.5867 | 블록체인:0.1000 | 안드로이드:0.0967 | 게임 서버:0.0600 | 웹 풀스택:0.0467,0.1
android/nowinandroid,https://github.com/android/nowinandroid,안드로이드,안드로이드,faiss_only,0,0,0,SW/솔루션,SW/솔루션 | SW/솔루션 | SW/솔루션 | devops/시스템 엔지니어 | devops/시스템 엔지니어,0.8436 | 0.8254 | 0.8192 | 0.8057 | 0.8004,0.8436 | 0.8254 | 0.8192 | 0.8057 | 0.8004,GitLab 솔루션 엔지니어 | L4-L7 스위치 가상화 솔루션 개발 경력 | 이리온 C++ 어플리케이션 개발자(서울) | SRE/DevOps Engineer | DevOps(K8s 기반) CI/CD 개발 엔지니어,,,,,
android/nowinandroid,https://github.com/android/nowinandroid,안드로이드,안드로이드,domain_rerank,0,0,0,SW/솔루션,SW/솔루션 | SW/솔루션 | SW/솔루션 | devops/시스템 엔지니어 | devops/시스템 엔지니어,0.8436 | 0.8254 | 0.8192 | 0.8057 | 0.8004,0.8436 | 0.8254 | 0.8192 | 0.8057 | 0.8004,GitLab 솔루션 엔지니어 | L4-L7 스위치 가상화 솔루션 개발 경력 | 이리온 C++ 어플리케이션 개발자(서울) | SRE/DevOps Engineer | DevOps(K8s 기반) CI/CD 개발 엔지니어,게임 개발 | 웹 프론트엔드 | 서버/백엔드 | 모바일 앱 | ML/AI | 블록체인,0.05,,,
android/nowinandroid,https://github.com/android/nowinandroid,안드로이드,안드로이드,ai_classifier_rerank,0,0,0,SW/솔루션,SW/솔루션 | SW/솔루션 | SW/솔루션 | devops/시스템 엔지니어 | devops/시스템 엔지니어,0.8436 | 0.8254 | 0.8192 | 0.8057 | 0.8004,0.8436 | 0.8254 | 0.8192 | 0.8074 | 0.8021,GitLab 솔루션 엔지니어 | L4-L7 스위치 가상화 솔루션 개발 경력 | 이리온 C++ 어플리케이션 개발자(서울) | SRE/DevOps Engineer | DevOps(K8s 기반) CI/CD 개발 엔지니어,,,안드로이드,안드로이드:0.7067 | iOS:0.1867 | 크로스플랫폼 앱:0.0233 | 블록체인:0.0200 | devops/시스템 엔지니어:0.0167,0.1
android/sunflower,https://github.com/android/sunflower,안드로이드,안드로이드,faiss_only,0,0,0,SW/솔루션,SW/솔루션 | SW/솔루션 | SW/솔루션 | devops/시스템 엔지니어 | devops/시스템 엔지니어,0.8436 | 0.8254 | 0.8192 | 0.8057 | 0.8004,0.8436 | 0.8254 | 0.8192 | 0.8057 | 0.8004,GitLab 솔루션 엔지니어 | L4-L7 스위치 가상화 솔루션 개발 경력 | 이리온 C++ 어플리케이션 개발자(서울) | SRE/DevOps Engineer | DevOps(K8s 기반) CI/CD 개발 엔지니어,,,,,
android/sunflower,https://github.com/android/sunflower,안드로이드,안드로이드,domain_rerank,0,0,0,SW/솔루션,SW/솔루션 | SW/솔루션 | SW/솔루션 | devops/시스템 엔지니어 | devops/시스템 엔지니어,0.8436 | 0.8254 | 0.8192 | 0.8057 | 0.8004,0.8436 | 0.8254 | 0.8192 | 0.8057 | 0.8004,GitLab 솔루션 엔지니어 | L4-L7 스위치 가상화 솔루션 개발 경력 | 이리온 C++ 어플리케이션 개발자(서울) | SRE/DevOps Engineer | DevOps(K8s 기반) CI/CD 개발 엔지니어,서버/백엔드 | 모바일 앱 | 게임 개발 | ML/AI,0.05,,,
android/sunflower,https://github.com/android/sunflower,안드로이드,안드로이드,ai_classifier_rerank,0,0,0,SW/솔루션,SW/솔루션 | SW/솔루션 | SW/솔루션 | devops/시스템 엔지니어 | devops/시스템 엔지니어,0.8436 | 0.8254 | 0.8192 | 0.8057 | 0.8004,0.8436 | 0.8254 | 0.8192 | 0.8057 | 0.8004,GitLab 솔루션 엔지니어 | L4-L7 스위치 가상화 솔루션 개발 경력 | 이리온 C++ 어플리케이션 개발자(서울) | SRE/DevOps Engineer | DevOps(K8s 기반) CI/CD 개발 엔지니어,,,안드로이드,안드로이드:0.8833 | iOS:0.0467 | HW/임베디드:0.0200 | 게임 서버:0.0133 | 크로스플랫폼 앱:0.0100,0.1
square/okhttp,https://github.com/square/okhttp,안드로이드,안드로이드,faiss_only,0,0,0,SW/솔루션,SW/솔루션 | SW/솔루션 | SW/솔루션 | devops/시스템 엔지니어 | devops/시스템 엔지니어,0.8412 | 0.8302 | 0.8232 | 0.8126 | 0.8101,0.8412 | 0.8302 | 0.8232 | 0.8126 | 0.8101,L4-L7 스위치 가상화 솔루션 개발 경력 | GitLab 솔루션 엔지니어 | 이리온 C++ 어플리케이션 개발자(서울) | SRE/DevOps Engineer | 개발자(devops/시스템엔지니어) 채용 (경력1년~4년),,,,,
square/okhttp,https://github.com/square/okhttp,안드로이드,안드로이드,domain_rerank,0,0,0,SW/솔루션,SW/솔루션 | SW/솔루션 | SW/솔루션 | devops/시스템 엔지니어 | devops/시스템 엔지니어,0.8412 | 0.8302 | 0.8232 | 0.8126 | 0.8101,0.8412 | 0.8302 | 0.8232 | 0.8126 | 0.8101,L4-L7 스위치 가상화 솔루션 개발 경력 | GitLab 솔루션 엔지니어 | 이리온 C++ 어플리케이션 개발자(서울) | SRE/DevOps Engineer | 개발자(devops/시스템엔지니어) 채용 (경력1년~4년),웹 프론트엔드 | 도구 개발 | 게임 개발 | 서버/백엔드 | ML/AI | 모바일 앱 | 블록체인,0.05,,,
square/okhttp,https://github.com/square/okhttp,안드로이드,안드로이드,ai_classifier_rerank,0,0,0,SW/솔루션,SW/솔루션 | SW/솔루션 | SW/솔루션 | devops/시스템 엔지니어 | devops/시스템 엔지니어,0.8412 | 0.8302 | 0.8232 | 0.8126 | 0.8101,0.8412 | 0.8302 | 0.8232 | 0.8153 | 0.8128,L4-L7 스위치 가상화 솔루션 개발 경력 | GitLab 솔루션 엔지니어 | 이리온 C++ 어플리케이션 개발자(서울) | SRE/DevOps Engineer | 개발자(devops/시스템엔지니어) 채용 (경력1년~4년),,,안드로이드,안드로이드:0.2467 | HW/임베디드:0.1600 | iOS:0.1533 | 서버/백엔드:0.0833 | 게임 서버:0.0800,0.1
square/retrofit,https://github.com/square/retrofit,안드로이드,안드로이드,faiss_only,0,0,0,SW/솔루션,SW/솔루션 | SW/솔루션 | SW/솔루션 | devops/시스템 엔지니어 | devops/시스템 엔지니어,0.8416 | 0.8322 | 0.8189 | 0.8096 | 0.8026,0.8416 | 0.8322 | 0.8189 | 0.8096 | 0.8026,GitLab 솔루션 엔지니어 | L4-L7 스위치 가상화 솔루션 개발 경력 | 이리온 C++ 어플리케이션 개발자(서울) | SRE/DevOps Engineer | 개발자(devops/시스템엔지니어) 채용 (경력1년~4년),,,,,
square/retrofit,https://github.com/square/retrofit,안드로이드,안드로이드,domain_rerank,0,0,0,SW/솔루션,SW/솔루션 | SW/솔루션 | SW/솔루션 | devops/시스템 엔지니어 | devops/시스템 엔지니어,0.8416 | 0.8322 | 0.8189 | 0.8096 | 0.8026,0.8416 | 0.8322 | 0.8189 | 0.8096 | 0.8026,GitLab 솔루션 엔지니어 | L4-L7 스위치 가상화 솔루션 개발 경력 | 이리온 C++ 어플리케이션 개발자(서울) | SRE/DevOps Engineer | 개발자(devops/시스템엔지니어) 채용 (경력1년~4년),게임 개발 | 웹 프론트엔드 | 서버/백엔드 | ML/AI | 모바일 앱,0.05,,,
square/retrofit,https://github.com/square/retrofit,안드로이드,안드로이드,ai_classifier_rerank,0,0,0,SW/솔루션,SW/솔루션 | SW/솔루션 | SW/솔루션 | devops/시스템 엔지니어 | devops/시스템 엔지니어,0.8416 | 0.8322 | 0.8189 | 0.8096 | 0.8026,0.8416 | 0.8322 | 0.8189 | 0.8096 | 0.8026,GitLab 솔루션 엔지니어 | L4-L7 스위치 가상화 솔루션 개발 경력 | 이리온 C++ 어플리케이션 개발자(서울) | SRE/DevOps Engineer | 개발자(devops/시스템엔지니어) 채용 (경력1년~4년),,,안드로이드,안드로이드:0.7133 | iOS:0.1067 | HW/임베디드:0.0400 | 게임 서버:0.0400 | 블록체인:0.0333,0.1
android/architecture-samples,https://github.com/android/architecture-samples,안드로이드,안드로이드,faiss_only,0,0,1,SW/솔루션,SW/솔루션 | SW/솔루션 | SW/솔루션 | 안드로이드 | devops/시스템 엔지니어,0.8355 | 0.8316 | 0.8219 | 0.7997 | 0.7995,0.8355 | 0.8316 | 0.8219 | 0.7997 | 0.7995,"GitLab 솔루션 엔지니어 | L4-L7 스위치 가상화 솔루션 개발 경력 | 이리온 C++ 어플리케이션 개발자(서울) | SW 개발자 신입 [Android, C, C++, QT] | SRE/DevOps Engineer",,,,,
android/architecture-samples,https://github.com/android/architecture-samples,안드로이드,안드로이드,domain_rerank,1,1,1,안드로이드,안드로이드 | SW/솔루션 | SW/솔루션 | SW/솔루션 | devops/시스템 엔지니어,0.7997 | 0.8355 | 0.8316 | 0.8219 | 0.7995,0.8497 | 0.8355 | 0.8316 | 0.8219 | 0.7995,"SW 개발자 신입 [Android, C, C++, QT] | GitLab 솔루션 엔지니어 | L4-L7 스위치 가상화 솔루션 개발 경력 | 이리온 C++ 어플리케이션 개발자(서울) | SRE/DevOps Engineer",모바일 앱 | 서버/백엔드 | ML/AI,0.05,,,
android/architecture-samples,https://github.com/android/architecture-samples,안드로이드,안드로이드,ai_classifier_rerank,1,1,1,안드로이드,안드로이드 | SW/솔루션 | SW/솔루션 | SW/솔루션 | devops/시스템 엔지니어,0.7997 | 0.8355 | 0.8316 | 0.8219 | 0.7995,0.8767 | 0.8355 | 0.8316 | 0.8219 | 0.8002,"SW 개발자 신입 [Android, C, C++, QT] | GitLab 솔루션 엔지니어 | L4-L7 스위치 가상화 솔루션 개발 경력 | 이리온 C++ 어플리케이션 개발자(서울) | SRE/DevOps Engineer",,,안드로이드,안드로이드:0.7700 | iOS:0.0700 | 인공지능/머신러닝:0.0333 | 게임 서버:0.0267 | 블록체인:0.0200,0.1
chrisbanes/tivi,https://github.com/chrisbanes/tivi,안드로이드,안드로이드,faiss_only,0,0,0,SW/솔루션,SW/솔루션 | SW/솔루션 | 서버/백엔드 | 서버/백엔드 | devops/시스템 엔지니어,0.8241 | 0.8071 | 0.7987 | 0.7890 | 0.7835,0.8241 | 0.8071 | 0.7987 | 0.7890 | 0.7835,GitLab 솔루션 엔지니어 | L4-L7 스위치 가상화 솔루션 개발 경력 | 경력 개발자(백엔드) 채용 | 서버/백엔드 개발자 채용 (경력1년~4년) | [DC파트] 인프라 엔지니어 시스템 운영자,,,,,
chrisbanes/tivi,https://github.com/chrisbanes/tivi,안드로이드,안드로이드,domain_rerank,0,0,0,서버/백엔드,서버/백엔드 | 서버/백엔드 | SW/솔루션 | SW/솔루션 | devops/시스템 엔지니어,0.7987 | 0.7890 | 0.8241 | 0.8071 | 0.7835,0.8487 | 0.8390 | 0.8241 | 0.8071 | 0.7835,경력 개발자(백엔드) 채용 | 서버/백엔드 개발자 채용 (경력1년~4년) | GitLab 솔루션 엔지니어 | L4-L7 스위치 가상화 솔루션 개발 경력 | [DC파트] 인프라 엔지니어 시스템 운영자,웹 프론트엔드 | 서버/백엔드 | 모바일 앱 | 블록체인 | ML/AI,0.05,,,
chrisbanes/tivi,https://github.com/chrisbanes/tivi,안드로이드,안드로이드,ai_classifier_rerank,0,0,0,SW/솔루션,SW/솔루션 | SW/솔루션 | 서버/백엔드 | 서버/백엔드 | devops/시스템 엔지니어,0.8241 | 0.8071 | 0.7987 | 0.7890 | 0.7835,0.8241 | 0.8071 | 0.7990 | 0.7893 | 0.7835,GitLab 솔루션 엔지니어 | L4-L7 스위치 가상화 솔루션 개발 경력 | 경력 개발자(백엔드) 채용 | 서버/백엔드 개발자 채용 (경력1년~4년) | [DC파트] 인프라 엔지니어 시스템 운영자,,,안드로이드,안드로이드:0.6667 | 게임 클라이언트:0.1267 | iOS:0.0967 | 크로스플랫폼 앱:0.0700 | 웹 풀스택:0.0133,0.1
android/compose-samples,https://github.com/android/compose-samples,안드로이드,안드로이드,faiss_only,0,0,0,SW/솔루션,SW/솔루션 | SW/솔루션 | devops/시스템 엔지니어 | devops/시스템 엔지니어 | devops/시스템 엔지니어,0.8277 | 0.7984 | 0.7965 | 0.7929 | 0.7826,0.8277 | 0.7984 | 0.7965 | 0.7929 | 0.7826,GitLab 솔루션 엔지니어 | L4-L7 스위치 가상화 솔루션 개발 경력 | SRE/DevOps Engineer | 개발자(devops/시스템엔지니어) 채용 (경력1년~4년) | DevOps(K8s 기반) CI/CD 개발 엔지니어,,,,,
android/compose-samples,https://github.com/android/compose-samples,안드로이드,안드로이드,domain_rerank,0,0,0,SW/솔루션,SW/솔루션 | SW/솔루션 | devops/시스템 엔지니어 | devops/시스템 엔지니어 | devops/시스템 엔지니어,0.8277 | 0.7984 | 0.7965 | 0.7929 | 0.7826,0.8277 | 0.7984 | 0.7965 | 0.7929 | 0.7826,GitLab 솔루션 엔지니어 | L4-L7 스위치 가상화 솔루션 개발 경력 | SRE/DevOps Engineer | 개발자(devops/시스템엔지니어) 채용 (경력1년~4년) | DevOps(K8s 기반) CI/CD 개발 엔지니어,게임 개발 | 웹 프론트엔드 | 서버/백엔드 | ML/AI | 모바일 앱 | 빅데이터 엔지니어,0.05,,,
android/compose-samples,https://github.com/android/compose-samples,안드로이드,안드로이드,ai_classifier_rerank,0,0,0,SW/솔루션,SW/솔루션 | SW/솔루션 | devops/시스템 엔지니어 | devops/시스템 엔지니어 | devops/시스템 엔지니어,0.8277 | 0.7984 | 0.7965 | 0.7929 | 0.7826,0.8277 | 0.7984 | 0.7965 | 0.7929 | 0.7826,GitLab 솔루션 엔지니어 | L4-L7 스위치 가상화 솔루션 개발 경력 | SRE/DevOps Engineer | 개발자(devops/시스템엔지니어) 채용 (경력1년~4년) | DevOps(K8s 기반) CI/CD 개발 엔지니어,,,안드로이드,안드로이드:0.7467 | 인공지능/머신러닝:0.0667 | HW/임베디드:0.0600 | 크로스플랫폼 앱:0.0567 | 게임 클라이언트:0.0433,0.1
android/iosched,https://github.com/android/iosched,안드로이드,안드로이드,faiss_only,0,0,0,서버/백엔드,서버/백엔드 | 서버/백엔드 | 서버/백엔드 | SW/솔루션 | devops/시스템 엔지니어,0.5323 | 0.5255 | 0.5214 | 0.5185 | 0.5122,0.5323 | 0.5255 | 0.5214 | 0.5185 | 0.5122,백엔드 개발자 | 백엔드 경력 채용 (2~5년) | 백엔드 개발자 2년 이상 | 보안 취약점 분석 담당(6년↑) | 카카오/네이버 연계시스템 서버 개발자,,,,,
android/iosched,https://github.com/android/iosched,안드로이드,안드로이드,domain_rerank,0,0,0,서버/백엔드,서버/백엔드 | 서버/백엔드 | 서버/백엔드 | SW/솔루션 | devops/시스템 엔지니어,0.5323 | 0.5255 | 0.5214 | 0.5185 | 0.5122,0.5323 | 0.5255 | 0.5214 | 0.5185 | 0.5122,백엔드 개발자 | 백엔드 경력 채용 (2~5년) | 백엔드 개발자 2년 이상 | 보안 취약점 분석 담당(6년↑) | 카카오/네이버 연계시스템 서버 개발자,,0.05,,,
android/iosched,https://github.com/android/iosched,안드로이드,안드로이드,ai_classifier_rerank,0,0,0,서버/백엔드,서버/백엔드 | 서버/백엔드 | 서버/백엔드 | SW/솔루션 | devops/시스템 엔지니어,0.5323 | 0.5255 | 0.5214 | 0.5185 | 0.5122,0.5323 | 0.5255 | 0.5214 | 0.5185 | 0.5122,백엔드 개발자 | 백엔드 경력 채용 (2~5년) | 백엔드 개발자 2년 이상 | 보안 취약점 분석 담당(6년↑) | 카카오/네이버 연계시스템 서버 개발자,,,QA 엔지니어,QA 엔지니어:0.2795 | 웹 풀스택:0.2489 | 안드로이드:0.2402 | 게임 서버:0.2214 | DBA:0.0033,0.1
coil-kt/coil,https://github.com/coil-kt/coil,안드로이드,안드로이드,faiss_only,0,0,0,SW/솔루션,SW/솔루션 | SW/솔루션 | SW/솔루션 | devops/시스템 엔지니어 | devops/시스템 엔지니어,0.8416 | 0.8322 | 0.8189 | 0.8096 | 0.8026,0.8416 | 0.8322 | 0.8189 | 0.8096 | 0.8026,GitLab 솔루션 엔지니어 | L4-L7 스위치 가상화 솔루션 개발 경력 | 이리온 C++ 어플리케이션 개발자(서울) | SRE/DevOps Engineer | 개발자(devops/시스템엔지니어) 채용 (경력1년~4년),,,,,
coil-kt/coil,https://github.com/coil-kt/coil,안드로이드,안드로이드,domain_rerank,0,0,0,devops/시스템 엔지니어,devops/시스템 엔지니어 | devops/시스템 엔지니어 | SW/솔루션 | SW/솔루션 | SW/솔루션,0.8096 | 0.8026 | 0.8416 | 0.8322 | 0.8189,0.8596 | 0.8526 | 0.8416 | 0.8322 | 0.8189,SRE/DevOps Engineer | 개발자(devops/시스템엔지니어) 채용 (경력1년~4년) | GitLab 솔루션 엔지니어 | L4-L7 스위치 가상화 솔루션 개발 경력 | 이리온 C++ 어플리케이션 개발자(서울),웹 프론트엔드 | 서버/백엔드 | ML/AI | 모바일 앱 | DevOps/인프라,0.05,,,
coil-kt/coil,https://github.com/coil-kt/coil,안드로이드,안드로이드,ai_classifier_rerank,0,0,0,SW/솔루션,SW/솔루션 | SW/솔루션 | SW/솔루션 | devops/시스템 엔지니어 | devops/시스템 엔지니어,0.8416 | 0.8322 | 0.8189 | 0.8096 | 0.8026,0.8416 | 0.8322 | 0.8189 | 0.8103 | 0.8032,GitLab 솔루션 엔지니어 | L4-L7 스위치 가상화 솔루션 개발 경력 | 이리온 C++ 어플리케이션 개발자(서울) | SRE/DevOps Engineer | 개발자(devops/시스템엔지니어) 채용 (경력1년~4년),,,안드로이드,안드로이드:0.6533 | HW/임베디드:0.1533 | iOS:0.0967 | 게임 서버:0.0300 | 서버/백엔드:0.0300,0.1
google/accompanist,https://github.com/google/accompanist,안드로이드,안드로이드,faiss_only,0,0,0,SW/솔루션,SW/솔루션 | SW/솔루션 | SW/솔루션 | devops/시스템 엔지니어 | devops/시스템 엔지니어,0.8310 | 0.8153 | 0.8104 | 0.8027 | 0.7990,0.8310 | 0.8153 | 0.8104 | 0.8027 | 0.7990,GitLab 솔루션 엔지니어 | L4-L7 스위치 가상화 솔루션 개발 경력 | 이리온 C++ 어플리케이션 개발자(서울) | SRE/DevOps Engineer | DevOps(K8s 기반) CI/CD 개발 엔지니어,,,,,
google/accompanist,https://github.com/google/accompanist,안드로이드,안드로이드,domain_rerank,0,0,0,SW/솔루션,SW/솔루션 | SW/솔루션 | SW/솔루션 | devops/시스템 엔지니어 | devops/시스템 엔지니어,0.8310 | 0.8153 | 0.8104 | 0.8027 | 0.7990,0.8310 | 0.8153 | 0.8104 | 0.8027 | 0.7990,GitLab 솔루션 엔지니어 | L4-L7 스위치 가상화 솔루션 개발 경력 | 이리온 C++ 어플리케이션 개발자(서울) | SRE/DevOps Engineer | DevOps(K8s 기반) CI/CD 개발 엔지니어,서버/백엔드 | 모바일 앱 | 게임 개발 | ML/AI,0.05,,,
google/accompanist,https://github.com/google/accompanist,안드로이드,안드로이드,ai_classifier_rerank,0,0,0,SW/솔루션,SW/솔루션 | SW/솔루션 | SW/솔루션 | devops/시스템 엔지니어 | devops/시스템 엔지니어,0.8310 | 0.8153 | 0.8104 | 0.8027 | 0.7990,0.8310 | 0.8153 | 0.8104 | 0.8034 | 0.7996,GitLab 솔루션 엔지니어 | L4-L7 스위치 가상화 솔루션 개발 경력 | 이리온 C++ 어플리케이션 개발자(서울) | SRE/DevOps Engineer | DevOps(K8s 기반) CI/CD 개발 엔지니어,,,안드로이드,안드로이드:0.7100 | 블록체인:0.0800 | HW/임베디드:0.0700 | 게임 서버:0.0467 | 인공지능/머신러닝:0.0400,0.1
Alamofire/Alamofire,https://github.com/Alamofire/Alamofire,iOS,iOS,faiss_only,0,0,0,SW/솔루션,SW/솔루션 | SW/솔루션 | SW/솔루션 | SW/솔루션 | 안드로이드,0.8473 | 0.8446 | 0.8178 | 0.8178 | 0.8162,0.8473 | 0.8446 | 0.8178 | 0.8178 | 0.8162,"L4-L7 스위치 가상화 솔루션 개발 경력 | GitLab 솔루션 엔지니어 | S/W 개발 (사원 ~ 선임) | 이리온 C++ 어플리케이션 개발자(서울) | SW 개발자 신입 [Android, C, C++, QT]",,,,,
Alamofire/Alamofire,https://github.com/Alamofire/Alamofire,iOS,iOS,domain_rerank,0,0,0,안드로이드,안드로이드 | SW/솔루션 | SW/솔루션 | SW/솔루션 | SW/솔루션,0.8162 | 0.8473 | 0.8446 | 0.8178 | 0.8178,0.8662 | 0.8473 | 0.8446 | 0.8178 | 0.8178,"SW 개발자 신입 [Android, C, C++, QT] | L4-L7 스위치 가상화 솔루션 개발 경력 | GitLab 솔루션 엔지니어 | S/W 개발 (사원 ~ 선임) | 이리온 C++ 어플리케이션 개발자(서울)",웹 프론트엔드 | 서버/백엔드 | 모바일 앱 | 게임 개발 | ML/AI | DevOps/인프라 | 블록체인,0.05,,,
Alamofire/Alamofire,https://github.com/Alamofire/Alamofire,iOS,iOS,ai_classifier_rerank,0,0,0,SW/솔루션,SW/솔루션 | SW/솔루션 | 안드로이드 | SW/솔루션 | SW/솔루션,0.8473 | 0.8446 | 0.8162 | 0.8178 | 0.8178,0.8473 | 0.8446 | 0.8199 | 0.8178 | 0.8178,"L4-L7 스위치 가상화 솔루션 개발 경력 | GitLab 솔루션 엔지니어 | SW 개발자 신입 [Android, C, C++, QT] | S/W 개발 (사원 ~ 선임) | 이리온 C++ 어플리케이션 개발자(서울)",,,iOS,iOS:0.7267 | 크로스플랫폼 앱:0.1067 | 안드로이드:0.0367 | 게임 서버:0.0300 | HW/임베디드:0.0267,0.1
onevcat/Kingfisher,https://github.com/onevcat/Kingfisher,iOS,iOS,faiss_only,0,0,0,프론트엔드,프론트엔드 | 웹 풀스택 | SW/솔루션 | 서버/백엔드 | 웹 풀스택,0.7747 | 0.7743 | 0.7742 | 0.7724 | 0.7709,0.7747 | 0.7743 | 0.7742 | 0.7724 | 0.7709,[Tech] 웹 프론트엔드 개발자 | 풀스택 (Full-stack) 개발자 | L4-L7 스위치 가상화 솔루션 개발 경력 | 경력 개발자(백엔드) 채용 | 글로벌 서비스 풀스택 웹 개발자,,,,,
onevcat/Kingfisher,https://github.com/onevcat/Kingfisher,iOS,iOS,domain_rerank,0,0,0,프론트엔드,프론트엔드 | 서버/백엔드 | 웹 풀스택 | SW/솔루션 | 웹 풀스택,0.7747 | 0.7724 | 0.7743 | 0.7742 | 0.7709,0.8247 | 0.8224 | 0.7743 | 0.7742 | 0.7709,[Tech] 웹 프론트엔드 개발자 | 경력 개발자(백엔드) 채용 | 풀스택 (Full-stack) 개발자 | L4-L7 스위치 가상화 솔루션 개발 경력 | 글로벌 서비스 풀스택 웹 개발자,웹 프론트엔드 | 서버/백엔드 | 모바일 앱 | 게임 개발 | ML/AI | DevOps/인프라,0.05,,,
onevcat/Kingfisher,https://github.com/onevcat/Kingfisher,iOS,iOS,ai_classifier_rerank,0,0,0,서버/백엔드,서버/백엔드 | 프론트엔드 | 웹 풀스택 | SW/솔루션 | 웹 풀스택,0.7724 | 0.7747 | 0.7743 | 0.7742 | 0.7709,0.7791 | 0.7787 | 0.7746 | 0.7742 | 0.7712,경력 개발자(백엔드) 채용 | [Tech] 웹 프론트엔드 개발자 | 풀스택 (Full-stack) 개발자 | L4-L7 스위치 가상화 솔루션 개발 경력 | 글로벌 서비스 풀스택 웹 개발자,,,iOS,iOS:0.3067 | 게임 클라이언트:0.2133 | 게임 서버:0.0933 | 서버/백엔드:0.0667 | 빅데이터 엔지니어:0.0633,0.1
realm/realm-swift,https://github.com/realm/realm-swift,iOS,iOS,faiss_only,0,0,0,SW/솔루션,SW/솔루션 | SW/솔루션 | SW/솔루션 | SW/솔루션 | 프론트엔드,0.8489 | 0.8390 | 0.8243 | 0.8211 | 0.8162,0.8489 | 0.8390 | 0.8243 | 0.8211 | 0.8162,L4-L7 스위치 가상화 솔루션 개발 경력 | GitLab 솔루션 엔지니어 | 이리온 C++ 어플리케이션 개발자(서울) | S/W 개발 (사원 ~ 선임) | 프론트엔드 개발자,,,,,
realm/realm-swift,https://github.com/realm/realm-swift,iOS,iOS,domain_rerank,0,0,0,프론트엔드,프론트엔드 | SW/솔루션 | SW/솔루션 | SW/솔루션 | SW/솔루션,0.8162 | 0.8489 | 0.8390 | 0.8243 | 0.8211,0.8662 | 0.8489 | 0.8390 | 0.8243 | 0.8211,프론트엔드 개발자 | L4-L7 스위치 가상화 솔루션 개발 경력 | GitLab 솔루션 엔지니어 | 이리온 C++ 어플리케이션 개발자(서울) | S/W 개발 (사원 ~ 선임),웹 프론트엔드 | 서버/백엔드 | 모바일 앱 | 게임 개발 | ML/AI | DevOps/인프라 | 블록체인,0.05,,,
realm/realm-swift,https://github.com/realm/realm-swift,iOS,iOS,ai_classifier_rerank,0,0,0,SW/솔루션,SW/솔루션 | SW/솔루션 | SW/솔루션 | SW/솔루션 | 프론트엔드,0.8489 | 0.8390 | 0.8243 | 0.8211 | 0.8162,0.8489 | 0.8390 | 0.8243 | 0.8211 | 0.8165,L4-L7 스위치 가상화 솔루션 개발 경력 | GitLab 솔루션 엔지니어 | 이리온 C++ 어플리케이션 개발자(서울) | S/W 개발 (사원 ~ 선임) | 프론트엔드 개발자,,,iOS,iOS:0.7633 | 크로스플랫폼 앱:0.0733 | 안드로이드:0.0533 | 빅데이터 엔지니어:0.0300 | 게임 서버:0.0200,0.1
ReactiveX/RxSwift,https://github.com/ReactiveX/RxSwift,iOS,iOS,faiss_only,0,0,0,SW/솔루션,SW/솔루션 | SW/솔루션 | SW/솔루션 | devops/시스템 엔지니어 | devops/시스템 엔지니어,0.8416 | 0.8322 | 0.8189 | 0.8096 | 0.8026,0.8416 | 0.8322 | 0.8189 | 0.8096 | 0.8026,GitLab 솔루션 엔지니어 | L4-L7 스위치 가상화 솔루션 개발 경력 | 이리온 C++ 어플리케이션 개발자(서울) | SRE/DevOps Engineer | 개발자(devops/시스템엔지니어) 채용 (경력1년~4년),,,,,
ReactiveX/RxSwift,https://github.com/ReactiveX/RxSwift,iOS,iOS,domain_rerank,0,0,0,SW/솔루션,SW/솔루션 | SW/솔루션 | SW/솔루션 | devops/시스템 엔지니어 | devops/시스템 엔지니어,0.8416 | 0.8322 | 0.8189 | 0.8096 | 0.8026,0.8416 | 0.8322 | 0.8189 | 0.8096 | 0.8026,GitLab 솔루션 엔지니어 | L4-L7 스위치 가상화 솔루션 개발 경력 | 이리온 C++ 어플리케이션 개발자(서울) | SRE/DevOps Engineer | 개발자(devops/시스템엔지니어) 채용 (경력1년~4년),웹 프론트엔드 | 서버/백엔드 | ML/AI | 모바일 앱 | 게임 개발 | 블록체인,0.05,,,
ReactiveX/RxSwift,https://github.com/ReactiveX/RxSwift,iOS,iOS,ai_classifier_rerank,0,0,0,SW/솔루션,SW/솔루션 | SW/솔루션 | SW/솔루션 | devops/시스템 엔지니어 | devops/시스템 엔지니어,0.8416 | 0.8322 | 0.8189 | 0.8096 | 0.8026,0.8416 | 0.8322 | 0.8189 | 0.8099 | 0.8029,GitLab 솔루션 엔지니어 | L4-L7 스위치 가상화 솔루션 개발 경력 | 이리온 C++ 어플리케이션 개발자(서울) | SRE/DevOps Engineer | 개발자(devops/시스템엔지니어) 채용 (경력1년~4년),,,iOS,iOS:0.6700 | 안드로이드:0.1667 | HW/임베디드:0.0567 | 서버/백엔드:0.0367 | 인공지능/머신러닝:0.0233,0.1
pointfreeco/swift-composable-architecture,https://github.com/pointfreeco/swift-composable-architecture,iOS,iOS,faiss_only,0,0,0,SW/솔루션,SW/솔루션 | SW/솔루션 | SW/솔루션 | devops/시스템 엔지니어 | devops/시스템 엔지니어,0.8284 | 0.8238 | 0.8162 | 0.7998 | 0.7908,0.8284 | 0.8238 | 0.8162 | 0.7998 | 0.7908,GitLab 솔루션 엔지니어 | L4-L7 스위치 가상화 솔루션 개발 경력 | 이리온 C++ 어플리케이션 개발자(서울) | SRE/DevOps Engineer | 개발자(devops/시스템엔지니어) 채용 (경력1년~4년),,,,,
pointfreeco/swift-composable-architecture,https://github.com/pointfreeco/swift-composable-architecture,iOS,iOS,domain_rerank,0,0,0,SW/솔루션,SW/솔루션 | SW/솔루션 | SW/솔루션 | devops/시스템 엔지니어 | devops/시스템 엔지니어,0.8284 | 0.8238 | 0.8162 | 0.7998 | 0.7908,0.8284 | 0.8238 | 0.8162 | 0.7998 | 0.7908,GitLab 솔루션 엔지니어 | L4-L7 스위치 가상화 솔루션 개발 경력 | 이리온 C++ 어플리케이션 개발자(서울) | SRE/DevOps Engineer | 개발자(devops/시스템엔지니어) 채용 (경력1년~4년),게임 개발 | 웹 프론트엔드 | 서버/백엔드 | 모바일 앱 | ML/AI | 블록체인,0.05,,,
pointfreeco/swift-composable-architecture,https://github.com/pointfreeco/swift-composable-architecture,iOS,iOS,ai_classifier_rerank,0,0,0,SW/솔루션,SW/솔루션 | SW/솔루션 | SW/솔루션 | devops/시스템 엔지니어 | devops/시스템 엔지니어,0.8284 | 0.8238 | 0.8162 | 0.7998 | 0.7908,0.8284 | 0.8238 | 0.8162 | 0.7998 | 0.7908,GitLab 솔루션 엔지니어 | L4-L7 스위치 가상화 솔루션 개발 경력 | 이리온 C++ 어플리케이션 개발자(서울) | SRE/DevOps Engineer | 개발자(devops/시스템엔지니어) 채용 (경력1년~4년),,,iOS,iOS:0.6900 | 안드로이드:0.1967 | HW/임베디드:0.0300 | 블록체인:0.0300 | 게임 서버:0.0167,0.1
airbnb/lottie-ios,https://github.com/airbnb/lottie-ios,iOS,iOS,faiss_only,0,0,0,SW/솔루션,SW/솔루션 | SW/솔루션 | SW/솔루션 | devops/시스템 엔지니어 | 안드로이드,0.8319 | 0.8271 | 0.8158 | 0.7962 | 0.7942,0.8319 | 0.8271 | 0.8158 | 0.7962 | 0.7942,"GitLab 솔루션 엔지니어 | L4-L7 스위치 가상화 솔루션 개발 경력 | 이리온 C++ 어플리케이션 개발자(서울) | SRE/DevOps Engineer | SW 개발자 신입 [Android, C, C++, QT]",,,,,
airbnb/lottie-ios,https://github.com/airbnb/lottie-ios,iOS,iOS,domain_rerank,0,0,0,안드로이드,안드로이드 | SW/솔루션 | SW/솔루션 | SW/솔루션 | devops/시스템 엔지니어,0.7942 | 0.8319 | 0.8271 | 0.8158 | 0.7962,0.8442 | 0.8319 | 0.8271 | 0.8158 | 0.7962,"SW 개발자 신입 [Android, C, C++, QT] | GitLab 솔루션 엔지니어 | L4-L7 스위치 가상화 솔루션 개발 경력 | 이리온 C++ 어플리케이션 개발자(서울) | SRE/DevOps Engineer",게임 개발 | 웹 프론트엔드 | 모바일 앱 | 서버/백엔드 | ML/AI | 블록체인,0.05,,,
airbnb/lottie-ios,https://github.com/airbnb/lottie-ios,iOS,iOS,ai_classifier_rerank,0,0,0,SW/솔루션,SW/솔루션 | SW/솔루션 | SW/솔루션 | 안드로이드 | devops/시스템 엔지니어,0.8319 | 0.8271 | 0.8158 | 0.7942 | 0.7962,0.8319 | 0.8271 | 0.8158 | 0.8099 | 0.7976,"GitLab 솔루션 엔지니어 | L4-L7 스위치 가상화 솔루션 개발 경력 | 이리온 C++ 어플리케이션 개발자(서울) | SW 개발자 신입 [Android, C, C++, QT] | SRE/DevOps Engineer",,,iOS,iOS:0.6833 | 안드로이드:0.1567 | 블록체인:0.0667 | 크로스플랫폼 앱:0.0367 | HW/임베디드:0.0267,0.1
SwiftyJSON/SwiftyJSON,https://github.com/SwiftyJSON/SwiftyJSON,iOS,iOS,faiss_only,0,0,0,SW/솔루션,SW/솔루션 | SW/솔루션 | SW/솔루션 | devops/시스템 엔지니어 | devops/시스템 엔지니어,0.8374 | 0.8257 | 0.8146 | 0.8056 | 0.7992,0.8374 | 0.8257 | 0.8146 | 0.8056 | 0.7992,GitLab 솔루션 엔지니어 | L4-L7 스위치 가상화 솔루션 개발 경력 | 이리온 C++ 어플리케이션 개발자(서울) | SRE/DevOps Engineer | DevOps(K8s 기반) CI/CD 개발 엔지니어,,,,,
SwiftyJSON/SwiftyJSON,https://github.com/SwiftyJSON/SwiftyJSON,iOS,iOS,domain_rerank,0,0,0,devops/시스템 엔지니어,devops/시스템 엔지니어 | devops/시스템 엔지니어 | SW/솔루션 | SW/솔루션 | SW/솔루션,0.8056 | 0.7992 | 0.8374 | 0.8257 | 0.8146,0.8556 | 0.8492 | 0.8374 | 0.8257 | 0.8146,SRE/DevOps Engineer | DevOps(K8s 기반) CI/CD 개발 엔지니어 | GitLab 솔루션 엔지니어 | L4-L7 스위치 가상화 솔루션 개발 경력 | 이리온 C++ 어플리케이션 개발자(서울),모바일 앱 | 웹 프론트엔드 | 서버/백엔드 | ML/AI | DevOps/인프라,0.05,,,
SwiftyJSON/SwiftyJSON,https://github.com/SwiftyJSON/SwiftyJSON,iOS,iOS,ai_classifier_rerank,0,0,0,SW/솔루션,SW/솔루션 | SW/솔루션 | SW/솔루션 | devops/시스템 엔지니어 | devops/시스템 엔지니어,0.8374 | 0.8257 | 0.8146 | 0.8056 | 0.7992,0.8374 | 0.8257 | 0.8146 | 0.8103 | 0.8038,GitLab 솔루션 엔지니어 | L4-L7 스위치 가상화 솔루션 개발 경력 | 이리온 C++ 어플리케이션 개발자(서울) | SRE/DevOps Engineer | DevOps(K8s 기반) CI/CD 개발 엔지니어,,,블록체인,블록체인:0.3500 | 안드로이드:0.2733 | 서버/백엔드:0.1333 | HW/임베디드:0.0700 | 게임 서버:0.0667,0.1
SnapKit/SnapKit,https://github.com/SnapKit/SnapKit,iOS,iOS,faiss_only,1,1,1,iOS,iOS | iOS | iOS | iOS | iOS,0.7099 | 0.7072 | 0.7034 | 0.6919 | 0.6687,0.7099 | 0.7072 | 0.7034 | 0.6919 | 0.6687,iOS 개발 | iOS 개발자 | iOS 개발자 (책임급) | [개발팀] iOS 개발자 | 커머스플랫폼유닛 iOS,,,,,
SnapKit/SnapKit,https://github.com/SnapKit/SnapKit,iOS,iOS,domain_rerank,1,1,1,iOS,iOS | iOS | iOS | iOS | iOS,0.7099 | 0.7072 | 0.7034 | 0.6919 | 0.6687,0.7599 | 0.7572 | 0.7534 | 0.7419 | 0.7187,iOS 개발 | iOS 개발자 | iOS 개발자 (책임급) | [개발팀] iOS 개발자 | 커머스플랫폼유닛 iOS,서버/백엔드 | 모바일 앱 | 웹 프론트엔드 | ML/AI | 블록체인,0.05,,,
SnapKit/SnapKit,https://github.com/SnapKit/SnapKit,iOS,iOS,ai_classifier_rerank,1,1,1,iOS,iOS | iOS | iOS | iOS | iOS,0.7099 | 0.7072 | 0.7034 | 0.6919 | 0.6687,0.7762 | 0.7735 | 0.7697 | 0.7582 | 0.7350,iOS 개발 | iOS 개발자 | iOS 개발자 (책임급) | [개발팀] iOS 개발자 | 커머스플랫폼유닛 iOS,,,iOS,iOS:0.6633 | QA 엔지니어:0.2395 | 안드로이드:0.0437 | 게임 서버:0.0317 | devops/시스템 엔지니어:0.0067,0.1
yonaskolb/XcodeGen,https://github.com/yonaskolb/XcodeGen,iOS,iOS,faiss_only,0,0,0,SW/솔루션,SW/솔루션 | SW/솔루션 | SW/솔루션 | 서버/백엔드 | SW/솔루션,0.7970 | 0.7710 | 0.7699 | 0.7692 | 0.7664,0.7970 | 0.7710 | 0.7699 | 0.7692 | 0.7664,L4-L7 스위치 가상화 솔루션 개발 경력 | MLOps Engineer | 소프트웨어 개발자 10년 이상 | 경력 개발자(백엔드) 채용 | GitLab 솔루션 엔지니어,,,,,
yonaskolb/XcodeGen,https://github.com/yonaskolb/XcodeGen,iOS,iOS,domain_rerank,0,0,0,서버/백엔드,서버/백엔드 | SW/솔루션 | SW/솔루션 | SW/솔루션 | SW/솔루션,0.7692 | 0.7970 | 0.7710 | 0.7699 | 0.7664,0.8192 | 0.7970 | 0.7710 | 0.7699 | 0.7664,경력 개발자(백엔드) 채용 | L4-L7 스위치 가상화 솔루션 개발 경력 | MLOps Engineer | 소프트웨어 개발자 10년 이상 | GitLab 솔루션 엔지니어,웹 프론트엔드 | 서버/백엔드 | 모바일 앱 | ML/AI | DevOps/인프라 | 블록체인,0.05,,,
yonaskolb/XcodeGen,https://github.com/yonaskolb/XcodeGen,iOS,iOS,ai_classifier_rerank,0,0,0,SW/솔루션,SW/솔루션 | 서버/백엔드 | SW/솔루션 | SW/솔루션 | SW/솔루션,0.7970 | 0.7692 | 0.7710 | 0.7699 | 0.7664,0.7970 | 0.7765 | 0.7710 | 0.7699 | 0.7664,L4-L7 스위치 가상화 솔루션 개발 경력 | 경력 개발자(백엔드) 채용 | MLOps Engineer | 소프트웨어 개발자 10년 이상 | GitLab 솔루션 엔지니어,,,iOS,iOS:0.6367 | 게임 클라이언트:0.0867 | 서버/백엔드:0.0733 | 게임 서버:0.0667 | 안드로이드:0.0300,0.1
tuist/tuist,https://github.com/tuist/tuist,iOS,iOS,faiss_only,0,0,1,SW/솔루션,SW/솔루션 | SW/솔루션 | 프론트엔드 | iOS | 서버/백엔드,0.8275 | 0.8250 | 0.8203 | 0.8101 | 0.8085,0.8275 | 0.8250 | 0.8203 | 0.8101 | 0.8085,GitLab 솔루션 엔지니어 | L4-L7 스위치 가상화 솔루션 개발 경력 | 프론트엔드 개발자 | ADC(L4-L7 스위치) 애플리케이션 개발 | 서버/백엔드 개발자 채용 (경력1년~4년),,,,,
tuist/tuist,https://github.com/tuist/tuist,iOS,iOS,domain_rerank,0,1,1,프론트엔드,프론트엔드 | iOS | 서버/백엔드 | SW/솔루션 | SW/솔루션,0.8203 | 0.8101 | 0.8085 | 0.8275 | 0.8250,0.8703 | 0.8601 | 0.8585 | 0.8275 | 0.8250,프론트엔드 개발자 | ADC(L4-L7 스위치) 애플리케이션 개발 | 서버/백엔드 개발자 채용 (경력1년~4년) | GitLab 솔루션 엔지니어 | L4-L7 스위치 가상화 솔루션 개발 경력,게임 개발 | 웹 프론트엔드 | 서버/백엔드 | ML/AI | 모바일 앱 | DevOps/인프라 | 블록체인 | 빅데이터 엔지니어 | 도구 개발,0.05,,,
tuist/tuist,https://github.com/tuist/tuist,iOS,iOS,ai_classifier_rerank,1,1,1,iOS,iOS | SW/솔루션 | 프론트엔드 | SW/솔루션 | 서버/백엔드,0.8101 | 0.8275 | 0.8203 | 0.8250 | 0.8085,0.8688 | 0.8275 | 0.8256 | 0.8250 | 0.8169,ADC(L4-L7 스위치) 애플리케이션 개발 | GitLab 솔루션 엔지니어 | 프론트엔드 개발자 | L4-L7 스위치 가상화 솔루션 개발 경력 | 서버/백엔드 개발자 채용 (경력1년~4년),,,iOS,iOS:0.5867 | 서버/백엔드:0.0833 | devops/시스템 엔지니어:0.0733 | 빅데이터 엔지니어:0.0533 | 프론트엔드:0.0533,0.1
godotengine/godot,https://github.com/godotengine/godot,게임 클라이언트,게임 클라이언트,faiss_only,0,0,0,SW/솔루션,SW/솔루션 | SW/솔루션 | 서버/백엔드 | 프론트엔드 | 프론트엔드,0.8284 | 0.8201 | 0.8056 | 0.8050 | 0.7965,0.8284 | 0.8201 | 0.8056 | 0.8050 | 0.7965,GitLab 솔루션 엔지니어 | L4-L7 스위치 가상화 솔루션 개발 경력 | 경력 개발자(백엔드) 채용 | 프론트엔드 개발자 | 프론트엔드 개발자,,,,,
godotengine/godot,https://github.com/godotengine/godot,게임 클라이언트,게임 클라이언트,domain_rerank,0,0,0,서버/백엔드,서버/백엔드 | 프론트엔드 | 프론트엔드 | SW/솔루션 | SW/솔루션,0.8056 | 0.8050 | 0.7965 | 0.8284 | 0.8201,0.8556 | 0.8550 | 0.8465 | 0.8284 | 0.8201,경력 개발자(백엔드) 채용 | 프론트엔드 개발자 | 프론트엔드 개발자 | GitLab 솔루션 엔지니어 | L4-L7 스위치 가상화 솔루션 개발 경력,게임 개발 | 웹 프론트엔드 | 서버/백엔드 | ML/AI | 모바일 앱 | 블록체인,0.05,,,
godotengine/godot,https://github.com/godotengine/godot,게임 클라이언트,게임 클라이언트,ai_classifier_rerank,0,0,0,SW/솔루션,SW/솔루션 | SW/솔루션 | 서버/백엔드 | 프론트엔드 | 프론트엔드,0.8284 | 0.8201 | 0.8056 | 0.8050 | 0.7965,0.8284 | 0.8201 | 0.8182 | 0.8094 | 0.8008,GitLab 솔루션 엔지니어 | L4-L7 스위치 가상화 솔루션 개발 경력 | 경력 개발자(백엔드) 채용 | 프론트엔드 개발자 | 프론트엔드 개발자,,,HW/임베디드,HW/임베디드:0.2033 | 게임 클라이언트:0.1300 | 서버/백엔드:0.1267 | 크로스플랫폼 앱:0.1133 | 블록체인:0.0933,0.1
Unity-Technologies/ml-agents,https://github.com/Unity-Technologies/ml-agents,게임 클라이언트,게임 클라이언트,faiss_only,0,0,0,SW/솔루션,SW/솔루션 | SW/솔루션 | iOS | SW/솔루션 | SW/솔루션,0.8233 | 0.8157 | 0.8068 | 0.8068 | 0.8053,0.8233 | 0.8157 | 0.8068 | 0.8068 | 0.8053,GitLab 솔루션 엔지니어 | L4-L7 스위치 가상화 솔루션 개발 경력 | ADC(L4-L7 스위치) 애플리케이션 개발 | S/W 개발 (사원 ~ 선임) | 이리온 C++ 어플리케이션 개발자(서울),,,,,
Unity-Technologies/ml-agents,https://github.com/Unity-Technologies/ml-agents,게임 클라이언트,게임 클라이언트,domain_rerank,0,0,0,iOS,iOS | SW/솔루션 | SW/솔루션 | SW/솔루션 | SW/솔루션,0.8068 | 0.8233 | 0.8157 | 0.8068 | 0.8053,0.8568 | 0.8233 | 0.8157 | 0.8068 | 0.8053,ADC(L4-L7 스위치) 애플리케이션 개발 | GitLab 솔루션 엔지니어 | L4-L7 스위치 가상화 솔루션 개발 경력 | S/W 개발 (사원 ~ 선임) | 이리온 C++ 어플리케이션 개발자(서울),게임 개발 | 웹 프론트엔드 | 서버/백엔드 | ML/AI | 모바일 앱 | 블록체인 | 빅데이터 엔지니어,0.05,,,
Unity-Technologies/ml-agents,https://github.com/Unity-Technologies/ml-agents,게임 클라이언트,게임 클라이언트,ai_classifier_rerank,0,0,0,SW/솔루션,SW/솔루션 | SW/솔루션 | iOS | SW/솔루션 | SW/솔루션,0.8233 | 0.8157 | 0.8068 | 0.8068 | 0.8053,0.8233 | 0.8157 | 0.8081 | 0.8068 | 0.8053,GitLab 솔루션 엔지니어 | L4-L7 스위치 가상화 솔루션 개발 경력 | ADC(L4-L7 스위치) 애플리케이션 개발 | S/W 개발 (사원 ~ 선임) | 이리온 C++ 어플리케이션 개발자(서울),,,게임 클라이언트,게임 클라이언트:0.6933 | 인공지능/머신러닝:0.0933 | 크로스플랫폼 앱:0.0567 | 게임 서버:0.0500 | 블록체인:0.0200,0.1
libsdl-org/SDL,https://github.com/libsdl-org/SDL,게임 클라이언트,게임 클라이언트,faiss_only,0,0,0,SW/솔루션,SW/솔루션 | SW/솔루션 | 프론트엔드 | 서버/백엔드 | devops/시스템 엔지니어,0.8329 | 0.8328 | 0.8089 | 0.8022 | 0.8017,0.8329 | 0.8328 | 0.8089 | 0.8022 | 0.8017,GitLab 솔루션 엔지니어 | L4-L7 스위치 가상화 솔루션 개발 경력 | 프론트엔드 개발자 | 경력 개발자(백엔드) 채용 | SRE/DevOps Engineer,,,,,
libsdl-org/SDL,https://github.com/libsdl-org/SDL,게임 클라이언트,게임 클라이언트,domain_rerank,0,0,0,프론트엔드,프론트엔드 | 서버/백엔드 | SW/솔루션 | SW/솔루션 | devops/시스템 엔지니어,0.8089 | 0.8022 | 0.8329 | 0.8328 | 0.8017,0.8589 | 0.8522 | 0.8329 | 0.8328 | 0.8017,프론트엔드 개발자 | 경력 개발자(백엔드) 채용 | GitLab 솔루션 엔지니어 | L4-L7 스위치 가상화 솔루션 개발 경력 | SRE/DevOps Engineer,게임 개발 | 웹 프론트엔드 | 서버/백엔드 | 모바일 앱 | ML/AI,0.05,,,
libsdl-org/SDL,https://github.com/libsdl-org/SDL,게임 클라이언트,게임 클라이언트,ai_classifier_rerank,0,0,0,SW/솔루션,SW/솔루션 | SW/솔루션 | 프론트엔드 | 서버/백엔드 | devops/시스템 엔지니어,0.8329 | 0.8328 | 0.8089 | 0.8022 | 0.8017,0.8329 | 0.8328 | 0.8142 | 0.8042 | 0.8031,GitLab 솔루션 엔지니어 | L4-L7 스위치 가상화 솔루션 개발 경력 | 프론트엔드 개발자 | 경력 개발자(백엔드) 채용 | SRE/DevOps Engineer,,,게임 클라이언트,게임 클라이언트:0.6000 | 블록체인:0.0867 | HW/임베디드:0.0833 | 프론트엔드:0.0533 | 게임 서버:0.0447,0.1
raysan5/raylib,https://github.com/raysan5/raylib,게임 클라이언트,게임 클라이언트,faiss_only,0,0,0,SW/솔루션,SW/솔루션 | 안드로이드 | SW/솔루션 | SW/솔루션 | 프론트엔드,0.8106 | 0.7855 | 0.7812 | 0.7809 | 0.7792,0.8106 | 0.7855 | 0.7812 | 0.7809 | 0.7792,"L4-L7 스위치 가상화 솔루션 개발 경력 | SW 개발자 신입 [Android, C, C++, QT] | Linux C++ 개발자 | Linux C++ (3년 이상) | 프론트엔드 개발자",,,,,
raysan5/raylib,https://github.com/raysan5/raylib,게임 클라이언트,게임 클라이언트,domain_rerank,0,0,0,안드로이드,안드로이드 | 프론트엔드 | SW/솔루션 | SW/솔루션 | SW/솔루션,0.7855 | 0.7792 | 0.8106 | 0.7812 | 0.7809,0.8355 | 0.8292 | 0.8106 | 0.7812 | 0.7809,"SW 개발자 신입 [Android, C, C++, QT] | 프론트엔드 개발자 | L4-L7 스위치 가상화 솔루션 개발 경력 | Linux C++ 개발자 | Linux C++ (3년 이상)",게임 개발 | ML/AI | 모바일 앱 | 웹 프론트엔드 | 서버/백엔드 | DevOps/인프라,0.05,,,
raysan5/raylib,https://github.com/raysan5/raylib,게임 클라이언트,게임 클라이언트,ai_classifier_rerank,0,0,0,SW/솔루션,SW/솔루션 | 안드로이드 | SW/솔루션 | SW/솔루션 | 프론트엔드,0.8106 | 0.7855 | 0.7812 | 0.7809 | 0.7792,0.8106 | 0.7882 | 0.7812 | 0.7809 | 0.7802,"L4-L7 스위치 가상화 솔루션 개발 경력 | SW 개발자 신입 [Android, C, C++, QT] | Linux C++ 개발자 | Linux C++ (3년 이상) | 프론트엔드 개발자",,,게임 클라이언트,게임 클라이언트:0.7667 | HW/임베디드:0.0333 | 게임 서버:0.0300 | 빅데이터 엔지니어:0.0300 | 안드로이드:0.0267,0.1
cocos/cocos-engine,https://github.com/cocos/cocos-engine,게임 클라이언트,게임 클라이언트,faiss_only,0,0,0,SW/솔루션,SW/솔루션 | SW/솔루션 | 프론트엔드 | iOS | 프론트엔드,0.8361 | 0.8244 | 0.8156 | 0.8142 | 0.8060,0.8361 | 0.8244 | 0.8156 | 0.8142 | 0.8060,L4-L7 스위치 가상화 솔루션 개발 경력 | GitLab 솔루션 엔지니어 | 프론트엔드 개발자 | ADC(L4-L7 스위치) 애플리케이션 개발 | [경력] 프론트엔드 개발자,,,,,
cocos/cocos-engine,https://github.com/cocos/cocos-engine,게임 클라이언트,게임 클라이언트,domain_rerank,0,0,0,프론트엔드,프론트엔드 | iOS | 프론트엔드 | SW/솔루션 | SW/솔루션,0.8156 | 0.8142 | 0.8060 | 0.8361 | 0.8244,0.8656 | 0.8642 | 0.8560 | 0.8361 | 0.8244,프론트엔드 개발자 | ADC(L4-L7 스위치) 애플리케이션 개발 | [경력] 프론트엔드 개발자 | L4-L7 스위치 가상화 솔루션 개발 경력 | GitLab 솔루션 엔지니어,게임 개발 | 웹 프론트엔드 | 서버/백엔드 | ML/AI | 모바일 앱 | 빅데이터 엔지니어 | 도구 개발 | DevOps/인프라,0.05,,,
cocos/cocos-engine,https://github.com/cocos/cocos-engine,게임 클라이언트,게임 클라이언트,ai_classifier_rerank,0,0,0,SW/솔루션,SW/솔루션 | SW/솔루션 | 프론트엔드 | iOS | 프론트엔드,0.8361 | 0.8244 | 0.8156 | 0.8142 | 0.8060,0.8361 | 0.8244 | 0.8170 | 0.8149 | 0.8073,L4-L7 스위치 가상화 솔루션 개발 경력 | GitLab 솔루션 엔지니어 | 프론트엔드 개발자 | ADC(L4-L7 스위치) 애플리케이션 개발 | [경력] 프론트엔드 개발자,,,게임 클라이언트,게임 클라이언트:0.6233 | HW/임베디드:0.1167 | 크로스플랫폼 앱:0.0633 | 웹 풀스택:0.0567 | devops/시스템 엔지니어:0.0467,0.1
ocornut/imgui,https://github.com/ocornut/imgui,게임 클라이언트,게임 클라이언트,faiss_only,0,0,0,크로스플랫폼 앱,크로스플랫폼 앱 | SW/솔루션 | 크로스플랫폼 앱 | 서버/백엔드 | 크로스플랫폼 앱,0.7671 | 0.7640 | 0.7568 | 0.7510 | 0.7490,0.7671 | 0.7640 | 0.7568 | 0.7510 | 0.7490,Flutter 앱 개발 | L4-L7 스위치 가상화 솔루션 개발 경력 | 앱(Flutter) 개발 | [모픽] 모바일 & 백엔드 개발자 | 플러터 클라이언트 개발자 (2년 이상),,,,,
ocornut/imgui,https://github.com/ocornut/imgui,게임 클라이언트,게임 클라이언트,domain_rerank,0,0,0,크로스플랫폼 앱,크로스플랫폼 앱 | 크로스플랫폼 앱 | 서버/백엔드 | 크로스플랫폼 앱 | SW/솔루션,0.7671 | 0.7568 | 0.7510 | 0.7490 | 0.7640,0.8171 | 0.8068 | 0.8010 | 0.7990 | 0.7640,Flutter 앱 개발 | 앱(Flutter) 개발 | [모픽] 모바일 & 백엔드 개발자 | 플러터 클라이언트 개발자 (2년 이상) | L4-L7 스위치 가상화 솔루션 개발 경력,모바일 앱 | 게임 개발 | 웹 프론트엔드 | 서버/백엔드 | ML/AI | DevOps/인프라 | 빅데이터 엔지니어,0.05,,,
ocornut/imgui,https://github.com/ocornut/imgui,게임 클라이언트,게임 클라이언트,ai_classifier_rerank,0,0,0,크로스플랫폼 앱,크로스플랫폼 앱 | SW/솔루션 | 크로스플랫폼 앱 | 서버/백엔드 | 크로스플랫폼 앱,0.7671 | 0.7640 | 0.7568 | 0.7510 | 0.7490,0.7687 | 0.7640 | 0.7585 | 0.7513 | 0.7506,Flutter 앱 개발 | L4-L7 스위치 가상화 솔루션 개발 경력 | 앱(Flutter) 개발 | [모픽] 모바일 & 백엔드 개발자 | 플러터 클라이언트 개발자 (2년 이상),,,게임 클라이언트,게임 클라이언트:0.6633 | 안드로이드:0.1367 | iOS:0.0867 | HW/임베디드:0.0300 | QA 엔지니어:0.0234,0.1
bevyengine/bevy,https://github.com/bevyengine/bevy,게임 클라이언트,게임 클라이언트,faiss_only,0,0,0,SW/솔루션,SW/솔루션 | SW/솔루션 | 프론트엔드 | iOS | SW/솔루션,0.8255 | 0.8203 | 0.8002 | 0.8001 | 0.7991,0.8255 | 0.8203 | 0.8002 | 0.8001 | 0.7991,L4-L7 스위치 가상화 솔루션 개발 경력 | GitLab 솔루션 엔지니어 | 프론트엔드 개발자 | ADC(L4-L7 스위치) 애플리케이션 개발 | 이리온 C++ 어플리케이션 개발자(서울),,,,,
bevyengine/bevy,https://github.com/bevyengine/bevy,게임 클라이언트,게임 클라이언트,domain_rerank,0,0,0,프론트엔드,프론트엔드 | iOS | SW/솔루션 | SW/솔루션 | SW/솔루션,0.8002 | 0.8001 | 0.8255 | 0.8203 | 0.7991,0.8502 | 0.8501 | 0.8255 | 0.8203 | 0.7991,프론트엔드 개발자 | ADC(L4-L7 스위치) 애플리케이션 개발 | L4-L7 스위치 가상화 솔루션 개발 경력 | GitLab 솔루션 엔지니어 | 이리온 C++ 어플리케이션 개발자(서울),게임 개발 | 웹 프론트엔드 | 서버/백엔드 | ML/AI | 모바일 앱 | DevOps/인프라 | 빅데이터 엔지니어 | 블록체인,0.05,,,
bevyengine/bevy,https://github.com/bevyengine/bevy,게임 클라이언트,게임 클라이언트,ai_classifier_rerank,0,0,0,SW/솔루션,SW/솔루션 | SW/솔루션 | iOS | 프론트엔드 | SW/솔루션,0.8255 | 0.8203 | 0.8001 | 0.8002 | 0.7991,0.8255 | 0.8203 | 0.8058 | 0.8048 | 0.7991,L4-L7 스위치 가상화 솔루션 개발 경력 | GitLab 솔루션 엔지니어 | ADC(L4-L7 스위치) 애플리케이션 개발 | 프론트엔드 개발자 | 이리온 C++ 어플리케이션 개발자(서울),,,게임 클라이언트,게임 클라이언트:0.1833 | HW/임베디드:0.1400 | 크로스플랫폼 앱:0.1367 | 서버/백엔드:0.1100 | 블록체인:0.1033,0.1
MonoGame/MonoGame,https://github.com/MonoGame/MonoGame,게임 클라이언트,게임 클라이언트,faiss_only,0,0,0,SW/솔루션,SW/솔루션 | SW/솔루션 | SW/솔루션 | iOS | SW/솔루션,0.8168 | 0.8124 | 0.8105 | 0.7958 | 0.7923,0.8168 | 0.8124 | 0.8105 | 0.7958 | 0.7923,L4-L7 스위치 가상화 솔루션 개발 경력 | 이리온 C++ 어플리케이션 개발자(서울) | GitLab 솔루션 엔지니어 | ADC(L4-L7 스위치) 애플리케이션 개발 | S/W 개발 (사원 ~ 선임),,,,,
MonoGame/MonoGame,https://github.com/MonoGame/MonoGame,게임 클라이언트,게임 클라이언트,domain_rerank,0,0,0,iOS,iOS | SW/솔루션 | SW/솔루션 | SW/솔루션 | SW/솔루션,0.7958 | 0.8168 | 0.8124 | 0.8105 | 0.7923,0.8458 | 0.8168 | 0.8124 | 0.8105 | 0.7923,ADC(L4-L7 스위치) 애플리케이션 개발 | L4-L7 스위치 가상화 솔루션 개발 경력 | 이리온 C++ 어플리케이션 개발자(서울) | GitLab 솔루션 엔지니어 | S/W 개발 (사원 ~ 선임),게임 개발 | 웹 프론트엔드 | 서버/백엔드 | ML/AI | 모바일 앱 | DevOps/인프라 | 빅데이터 엔지니어 | 도구 개발,0.05,,,
MonoGame/MonoGame,https://github.com/MonoGame/MonoGame,게임 클라이언트,게임 클라이언트,ai_classifier_rerank,0,0,0,SW/솔루션,SW/솔루션 | iOS | SW/솔루션 | SW/솔루션 | SW/솔루션,0.8168 | 0.7958 | 0.8124 | 0.8105 | 0.7923,0.8168 | 0.8148 | 0.8124 | 0.8105 | 0.7923,L4-L7 스위치 가상화 솔루션 개발 경력 | ADC(L4-L7 스위치) 애플리케이션 개발 | 이리온 C++ 어플리케이션 개발자(서울) | GitLab 솔루션 엔지니어 | S/W 개발 (사원 ~ 선임),,,크로스플랫폼 앱,크로스플랫폼 앱:0.4633 | iOS:0.1900 | 블록체인:0.0767 | 프론트엔드:0.0567 | 게임 서버:0.0533,0.1
openmw/openmw,https://github.com/openmw/openmw,게임 클라이언트,게임 클라이언트,faiss_only,0,0,0,SW/솔루션,SW/솔루션 | SW/솔루션 | devops/시스템 엔지니어 | devops/시스템 엔지니어 | 서버/백엔드,0.8285 | 0.8179 | 0.8102 | 0.7954 | 0.7934,0.8285 | 0.8179 | 0.8102 | 0.7954 | 0.7934,GitLab 솔루션 엔지니어 | L4-L7 스위치 가상화 솔루션 개발 경력 | SRE/DevOps Engineer | DevOps(K8s 기반) CI/CD 개발 엔지니어 | 경력 개발자(백엔드) 채용,,,,,
openmw/openmw,https://github.com/openmw/openmw,게임 클라이언트,게임 클라이언트,domain_rerank,0,0,0,서버/백엔드,서버/백엔드 | SW/솔루션 | SW/솔루션 | devops/시스템 엔지니어 | devops/시스템 엔지니어,0.7934 | 0.8285 | 0.8179 | 0.8102 | 0.7954,0.8434 | 0.8285 | 0.8179 | 0.8102 | 0.7954,경력 개발자(백엔드) 채용 | GitLab 솔루션 엔지니어 | L4-L7 스위치 가상화 솔루션 개발 경력 | SRE/DevOps Engineer | DevOps(K8s 기반) CI/CD 개발 엔지니어,게임 개발 | 웹 프론트엔드 | 서버/백엔드 | ML/AI | 모바일 앱 | 블록체인 | 도구 개발,0.05,,,
openmw/openmw,https://github.com/openmw/openmw,게임 클라이언트,게임 클라이언트,ai_classifier_rerank,0,0,0,SW/솔루션,SW/솔루션 | SW/솔루션 | devops/시스템 엔지니어 | devops/시스템 엔지니어 | 서버/백엔드,0.8285 | 0.8179 | 0.8102 | 0.7954 | 0.7934,0.8285 | 0.8179 | 0.8115 | 0.7967 | 0.7944,GitLab 솔루션 엔지니어 | L4-L7 스위치 가상화 솔루션 개발 경력 | SRE/DevOps Engineer | DevOps(K8s 기반) CI/CD 개발 엔지니어 | 경력 개발자(백엔드) 채용,,,게임 클라이언트,게임 클라이언트:0.6567 | HW/임베디드:0.0900 | 크로스플랫폼 앱:0.0533 | 안드로이드:0.0367 | 블록체인:0.0333,0.1
urho3d/Urho3D,https://github.com/urho3d/Urho3D,게임 클라이언트,게임 클라이언트,faiss_only,0,0,0,SW/솔루션,SW/솔루션 | devops/시스템 엔지니어 | SW/솔루션 | devops/시스템 엔지니어 | SW/솔루션,0.8278 | 0.7990 | 0.7975 | 0.7907 | 0.7891,0.8278 | 0.7990 | 0.7975 | 0.7907 | 0.7891,GitLab 솔루션 엔지니어 | SRE/DevOps Engineer | L4-L7 스위치 가상화 솔루션 개발 경력 | [DC파트] 인프라 엔지니어 시스템 운영자 | Linux System Engineer,,,,,
urho3d/Urho3D,https://github.com/urho3d/Urho3D,게임 클라이언트,게임 클라이언트,domain_rerank,0,0,0,devops/시스템 엔지니어,devops/시스템 엔지니어 | devops/시스템 엔지니어 | SW/솔루션 | SW/솔루션 | SW/솔루션,0.7990 | 0.7907 | 0.8278 | 0.7975 | 0.7891,0.8490 | 0.8407 | 0.8278 | 0.7975 | 0.7891,SRE/DevOps Engineer | [DC파트] 인프라 엔지니어 시스템 운영자 | GitLab 솔루션 엔지니어 | L4-L7 스위치 가상화 솔루션 개발 경력 | Linux System Engineer,게임 개발 | 웹 프론트엔드 | 서버/백엔드 | ML/AI | 모바일 앱 | 블록체인 | 빅데이터 엔지니어 | DevOps/인프라,0.05,,,
urho3d/Urho3D,https://github.com/urho3d/Urho3D,게임 클라이언트,게임 클라이언트,ai_classifier_rerank,0,0,0,SW/솔루션,SW/솔루션 | devops/시스템 엔지니어 | SW/솔루션 | devops/시스템 엔지니어 | SW/솔루션,0.8278 | 0.7990 | 0.7975 | 0.7907 | 0.7891,0.8278 | 0.8013 | 0.7975 | 0.7930 | 0.7891,GitLab 솔루션 엔지니어 | SRE/DevOps Engineer | L4-L7 스위치 가상화 솔루션 개발 경력 | [DC파트] 인프라 엔지니어 시스템 운영자 | Linux System Engineer,,,게임 클라이언트,게임 클라이언트:0.4100 | 크로스플랫폼 앱:0.1033 | 블록체인:0.1000 | 웹 풀스택:0.0970 | HW/임베디드:0.0900,0.1
heroiclabs/nakama,https://github.com/heroiclabs/nakama,게임 서버,게임 서버,faiss_only,0,0,0,SW/솔루션,SW/솔루션 | SW/솔루션 | SW/솔루션 | devops/시스템 엔지니어 | devops/시스템 엔지니어,0.8341 | 0.8207 | 0.8094 | 0.7994 | 0.7906,0.8341 | 0.8207 | 0.8094 | 0.7994 | 0.7906,GitLab 솔루션 엔지니어 | L4-L7 스위치 가상화 솔루션 개발 경력 | 이리온 C++ 어플리케이션 개발자(서울) | SRE/DevOps Engineer | DevOps(K8s 기반) CI/CD 개발 엔지니어,,,,,
heroiclabs/nakama,https://github.com/heroiclabs/nakama,게임 서버,게임 서버,domain_rerank,0,0,0,devops/시스템 엔지니어,devops/시스템 엔지니어 | devops/시스템 엔지니어 | SW/솔루션 | SW/솔루션 | SW/솔루션,0.7994 | 0.7906 | 0.8341 | 0.8207 | 0.8094,0.8494 | 0.8406 | 0.8341 | 0.8207 | 0.8094,SRE/DevOps Engineer | DevOps(K8s 기반) CI/CD 개발 엔지니어 | GitLab 솔루션 엔지니어 | L4-L7 스위치 가상화 솔루션 개발 경력 | 이리온 C++ 어플리케이션 개발자(서울),게임 개발 | 웹 프론트엔드 | 서버/백엔드 | ML/AI | 블록체인 | 빅데이터 엔지니어 | 모바일 앱 | DevOps/인프라,0.05,,,
heroiclabs/nakama,https://github.com/heroiclabs/nakama,게임 서버,게임 서버,ai_classifier_rerank,0,0,0,SW/솔루션,SW/솔루션 | SW/솔루션 | SW/솔루션 | devops/시스템 엔지니어 | devops/시스템 엔지니어,0.8341 | 0.8207 | 0.8094 | 0.7994 | 0.7906,0.8341 | 0.8207 | 0.8094 | 0.8001 | 0.7913,GitLab 솔루션 엔지니어 | L4-L7 스위치 가상화 솔루션 개발 경력 | 이리온 C++ 어플리케이션 개발자(서울) | SRE/DevOps Engineer | DevOps(K8s 기반) CI/CD 개발 엔지니어,,,게임 서버,게임 서버:0.6633 | 서버/백엔드:0.0967 | 안드로이드:0.0700 | HW/임베디드:0.0467 | 프론트엔드:0.0333,0.1
colyseus/colyseus,https://github.com/colyseus/colyseus,게임 서버,게임 서버,faiss_only,0,0,0,SW/솔루션,SW/솔루션 | SW/솔루션 | 프론트엔드 | SW/솔루션 | SW/솔루션,0.8351 | 0.8199 | 0.8186 | 0.8049 | 0.8011,0.8351 | 0.8199 | 0.8186 | 0.8049 | 0.8011,L4-L7 스위치 가상화 솔루션 개발 경력 | GitLab 솔루션 엔지니어 | 프론트엔드 개발자 | 이리온 C++ 어플리케이션 개발자(서울) | WEBFRONT-K GUI 개발,,,,,
colyseus/colyseus,https://github.com/colyseus/colyseus,게임 서버,게임 서버,domain_rerank,0,0,0,프론트엔드,프론트엔드 | SW/솔루션 | SW/솔루션 | SW/솔루션 | SW/솔루션,0.8186 | 0.8351 | 0.8199 | 0.8049 | 0.8011,0.8686 | 0.8351 | 0.8199 | 0.8049 | 0.8011,프론트엔드 개발자 | L4-L7 스위치 가상화 솔루션 개발 경력 | GitLab 솔루션 엔지니어 | 이리온 C++ 어플리케이션 개발자(서울) | WEBFRONT-K GUI 개발,웹 프론트엔드 | 서버/백엔드 | 도구 개발 | 게임 개발 | ML/AI | 모바일 앱 | 블록체인 | 빅데이터 엔지니어,0.05,,,
colyseus/colyseus,https://github.com/colyseus/colyseus,게임 서버,게임 서버,ai_classifier_rerank,0,0,0,SW/솔루션,SW/솔루션 | 프론트엔드 | SW/솔루션 | SW/솔루션 | SW/솔루션,0.8351 | 0.8186 | 0.8199 | 0.8049 | 0.8011,0.8351 | 0.8246 | 0.8199 | 0.8049 | 0.8011,L4-L7 스위치 가상화 솔루션 개발 경력 | 프론트엔드 개발자 | GitLab 솔루션 엔지니어 | 이리온 C++ 어플리케이션 개발자(서울) | WEBFRONT-K GUI 개발,,,게임 서버,게임 서버:0.7633 | 프론트엔드:0.0600 | devops/시스템 엔지니어:0.0333 | iOS:0.0233 | 서버/백엔드:0.0233,0.1
PlayFab/thundernetes,https://github.com/PlayFab/thundernetes,게임 서버,게임 서버,faiss_only,0,0,0,SW/솔루션,SW/솔루션 | SW/솔루션 | 서버/백엔드 | devops/시스템 엔지니어 | devops/시스템 엔지니어,0.8480 | 0.7938 | 0.7866 | 0.7851 | 0.7823,0.8480 | 0.7938 | 0.7866 | 0.7851 | 0.7823,GitLab 솔루션 엔지니어 | L4-L7 스위치 가상화 솔루션 개발 경력 | 경력 개발자(백엔드) 채용 | SRE/DevOps Engineer | [DC파트] 인프라 엔지니어 시스템 운영자,,,,,
PlayFab/thundernetes,https://github.com/PlayFab/thundernetes,게임 서버,게임 서버,domain_rerank,0,0,0,SW/솔루션,SW/솔루션 | 서버/백엔드 | devops/시스템 엔지니어 | devops/시스템 엔지니어 | SW/솔루션,0.8480 | 0.7866 | 0.7851 | 0.7823 | 0.7938,0.8480 | 0.8366 | 0.8351 | 0.8323 | 0.7938,GitLab 솔루션 엔지니어 | 경력 개발자(백엔드) 채용 | SRE/DevOps Engineer | [DC파트] 인프라 엔지니어 시스템 운영자 | L4-L7 스위치 가상화 솔루션 개발 경력,게임 개발 | 웹 프론트엔드 | 서버/백엔드 | DevOps/인프라 | 모바일 앱,0.05,,,
PlayFab/thundernetes,https://github.com/PlayFab/thundernetes,게임 서버,게임 서버,ai_classifier_rerank,0,0,0,SW/솔루션,SW/솔루션 | devops/시스템 엔지니어 | devops/시스템 엔지니어 | SW/솔루션 | 서버/백엔드,0.8480 | 0.7851 | 0.7823 | 0.7938 | 0.7866,0.8480 | 0.8047 | 0.8020 | 0.7938 | 0.7896,GitLab 솔루션 엔지니어 | SRE/DevOps Engineer | [DC파트] 인프라 엔지니어 시스템 운영자 | L4-L7 스위치 가상화 솔루션 개발 경력 | 경력 개발자(백엔드) 채용,,,게임 서버,게임 서버:0.6367 | devops/시스템 엔지니어:0.1967 | 안드로이드:0.0533 | 서버/백엔드:0.0300 | 인공지능/머신러닝:0.0233,0.1
Agones/Agones,https://github.com/Agones/Agones,게임 서버,게임 서버,faiss_only,0,0,0,서버/백엔드,서버/백엔드 | 서버/백엔드 | 서버/백엔드 | SW/솔루션 | devops/시스템 엔지니어,0.5323 | 0.5255 | 0.5214 | 0.5185 | 0.5122,0.5323 | 0.5255 | 0.5214 | 0.5185 | 0.5122,백엔드 개발자 | 백엔드 경력 채용 (2~5년) | 백엔드 개발자 2년 이상 | 보안 취약점 분석 담당(6년↑) | 카카오/네이버 연계시스템 서버 개발자,,,,,
Agones/Agones,https://github.com/Agones/Agones,게임 서버,게임 서버,domain_rerank,0,0,0,서버/백엔드,서버/백엔드 | 서버/백엔드 | 서버/백엔드 | SW/솔루션 | devops/시스템 엔지니어,0.5323 | 0.5255 | 0.5214 | 0.5185 | 0.5122,0.5323 | 0.5255 | 0.5214 | 0.5185 | 0.5122,백엔드 개발자 | 백엔드 경력 채용 (2~5년) | 백엔드 개발자 2년 이상 | 보안 취약점 분석 담당(6년↑) | 카카오/네이버 연계시스템 서버 개발자,,0.05,,,
Agones/Agones,https://github.com/Agones/Agones,게임 서버,게임 서버,ai_classifier_rerank,0,0,0,서버/백엔드,서버/백엔드 | 서버/백엔드 | 서버/백엔드 | SW/솔루션 | devops/시스템 엔지니어,0.5323 | 0.5255 | 0.5214 | 0.5185 | 0.5122,0.5323 | 0.5255 | 0.5214 | 0.5185 | 0.5122,백엔드 개발자 | 백엔드 경력 채용 (2~5년) | 백엔드 개발자 2년 이상 | 보안 취약점 분석 담당(6년↑) | 카카오/네이버 연계시스템 서버 개발자,,,QA 엔지니어,QA 엔지니어:0.2795 | 웹 풀스택:0.2489 | 안드로이드:0.2402 | 게임 서버:0.2214 | DBA:0.0033,0.1
skynetservices/skynet,https://github.com/skynetservices/skynet,게임 서버,게임 서버,faiss_only,0,0,0,서버/백엔드,서버/백엔드 | 서버/백엔드 | 서버/백엔드 | 서버/백엔드 | 서버/백엔드,0.7670 | 0.7625 | 0.7612 | 0.7567 | 0.7558,0.7670 | 0.7625 | 0.7612 | 0.7567 | 0.7558,백엔드 개발자 | Endpoint연구실 [Server 개발자] | Server팀 백엔드 개발자 경력 채용 | 백엔드 개발자 | JAVA 개발자 SI/SM 4~7년차,,,,,
skynetservices/skynet,https://github.com/skynetservices/skynet,게임 서버,게임 서버,domain_rerank,0,0,0,서버/백엔드,서버/백엔드 | 서버/백엔드 | 서버/백엔드 | 서버/백엔드 | 서버/백엔드,0.7670 | 0.7625 | 0.7612 | 0.7567 | 0.7558,0.8170 | 0.8125 | 0.8112 | 0.8067 | 0.8058,백엔드 개발자 | Endpoint연구실 [Server 개발자] | Server팀 백엔드 개발자 경력 채용 | 백엔드 개발자 | JAVA 개발자 SI/SM 4~7년차,서버/백엔드 | ML/AI | 모바일 앱 | 빅데이터 엔지니어,0.05,,,
skynetservices/skynet,https://github.com/skynetservices/skynet,게임 서버,게임 서버,ai_classifier_rerank,0,0,0,서버/백엔드,서버/백엔드 | 서버/백엔드 | 서버/백엔드 | 서버/백엔드 | 서버/백엔드,0.7670 | 0.7625 | 0.7612 | 0.7567 | 0.7558,0.7670 | 0.7625 | 0.7612 | 0.7567 | 0.7558,백엔드 개발자 | Endpoint연구실 [Server 개발자] | Server팀 백엔드 개발자 경력 채용 | 백엔드 개발자 | JAVA 개발자 SI/SM 4~7년차,,,게임 서버,게임 서버:0.6775 | QA 엔지니어:0.1220 | devops/시스템 엔지니어:0.0667 | iOS:0.0500 | 안드로이드:0.0383,0.1
apache/dolphinscheduler,https://github.com/apache/dolphinscheduler,게임 서버,게임 서버,faiss_only,0,0,0,SW/솔루션,SW/솔루션 | SW/솔루션 | SW/솔루션 | SW/솔루션 | 서버/백엔드,0.8583 | 0.8448 | 0.8242 | 0.8236 | 0.8213,0.8583 | 0.8448 | 0.8242 | 0.8236 | 0.8213,GitLab 솔루션 엔지니어 | L4-L7 스위치 가상화 솔루션 개발 경력 | S/W 개발 (사원 ~ 선임) | Linux System Engineer | 서버/백엔드 개발자 채용 (경력1년~4년),,,,,
apache/dolphinscheduler,https://github.com/apache/dolphinscheduler,게임 서버,게임 서버,domain_rerank,0,0,0,서버/백엔드,서버/백엔드 | SW/솔루션 | SW/솔루션 | SW/솔루션 | SW/솔루션,0.8213 | 0.8583 | 0.8448 | 0.8242 | 0.8236,0.8713 | 0.8583 | 0.8448 | 0.8242 | 0.8236,서버/백엔드 개발자 채용 (경력1년~4년) | GitLab 솔루션 엔지니어 | L4-L7 스위치 가상화 솔루션 개발 경력 | S/W 개발 (사원 ~ 선임) | Linux System Engineer,게임 개발 | 웹 프론트엔드 | 서버/백엔드 | DevOps/인프라 | 빅데이터 엔지니어 | ML/AI | 블록체인,0.05,,,
apache/dolphinscheduler,https://github.com/apache/dolphinscheduler,게임 서버,게임 서버,ai_classifier_rerank,0,0,0,SW/솔루션,SW/솔루션 | SW/솔루션 | 서버/백엔드 | SW/솔루션 | SW/솔루션,0.8583 | 0.8448 | 0.8213 | 0.8242 | 0.8236,0.8583 | 0.8448 | 0.8276 | 0.8242 | 0.8236,GitLab 솔루션 엔지니어 | L4-L7 스위치 가상화 솔루션 개발 경력 | 서버/백엔드 개발자 채용 (경력1년~4년) | S/W 개발 (사원 ~ 선임) | Linux System Engineer,,,게임 서버,게임 서버:0.6000 | devops/시스템 엔지니어:0.1467 | 서버/백엔드:0.0633 | 빅데이터 엔지니어:0.0333 | iOS:0.0233,0.1
bitnami-labs/sealed-secrets,https://github.com/bitnami-labs/sealed-secrets,게임 서버,게임 서버,faiss_only,0,0,0,SW/솔루션,SW/솔루션 | SW/솔루션 | SW/솔루션 | 프론트엔드 | 서버/백엔드,0.8468 | 0.8180 | 0.8143 | 0.8139 | 0.8093,0.8468 | 0.8180 | 0.8143 | 0.8139 | 0.8093,L4-L7 스위치 가상화 솔루션 개발 경력 | GitLab 솔루션 엔지니어 | 이리온 C++ 어플리케이션 개발자(서울) | 프론트엔드 개발자 | 서버/백엔드 개발자 채용 (경력1년~4년),,,,,
bitnami-labs/sealed-secrets,https://github.com/bitnami-labs/sealed-secrets,게임 서버,게임 서버,domain_rerank,0,0,0,프론트엔드,프론트엔드 | 서버/백엔드 | SW/솔루션 | SW/솔루션 | SW/솔루션,0.8139 | 0.8093 | 0.8468 | 0.8180 | 0.8143,0.8639 | 0.8593 | 0.8468 | 0.8180 | 0.8143,프론트엔드 개발자 | 서버/백엔드 개발자 채용 (경력1년~4년) | L4-L7 스위치 가상화 솔루션 개발 경력 | GitLab 솔루션 엔지니어 | 이리온 C++ 어플리케이션 개발자(서울),웹 프론트엔드 | 서버/백엔드 | DevOps/인프라 | 게임 개발 | ML/AI | 모바일 앱 | 블록체인,0.05,,,
bitnami-labs/sealed-secrets,https://github.com/bitnami-labs/sealed-secrets,게임 서버,게임 서버,ai_classifier_rerank,0,0,0,SW/솔루션,SW/솔루션 | SW/솔루션 | 프론트엔드 | 서버/백엔드 | SW/솔루션,0.8468 | 0.8180 | 0.8139 | 0.8093 | 0.8143,0.8468 | 0.8180 | 0.8153 | 0.8150 | 0.8143,L4-L7 스위치 가상화 솔루션 개발 경력 | GitLab 솔루션 엔지니어 | 프론트엔드 개발자 | 서버/백엔드 개발자 채용 (경력1년~4년) | 이리온 C++ 어플리케이션 개발자(서울),,,게임 서버,게임 서버:0.6833 | 서버/백엔드:0.0567 | HW/임베디드:0.0533 | 안드로이드:0.0467 | 크로스플랫폼 앱:0.0433,0.1
zeromq/libzmq,https://github.com/zeromq/libzmq,게임 서버,게임 서버,faiss_only,0,0,0,SW/솔루션,SW/솔루션 | SW/솔루션 | SW/솔루션 | 프론트엔드 | devops/시스템 엔지니어,0.8490 | 0.8449 | 0.8316 | 0.8178 | 0.8165,0.8490 | 0.8449 | 0.8316 | 0.8178 | 0.8165,L4-L7 스위치 가상화 솔루션 개발 경력 | GitLab 솔루션 엔지니어 | 이리온 C++ 어플리케이션 개발자(서울) | 프론트엔드 개발자 | SRE/DevOps Engineer,,,,,
zeromq/libzmq,https://github.com/zeromq/libzmq,게임 서버,게임 서버,domain_rerank,0,0,0,프론트엔드,프론트엔드 | devops/시스템 엔지니어 | SW/솔루션 | SW/솔루션 | SW/솔루션,0.8178 | 0.8165 | 0.8490 | 0.8449 | 0.8316,0.8678 | 0.8665 | 0.8490 | 0.8449 | 0.8316,프론트엔드 개발자 | SRE/DevOps Engineer | L4-L7 스위치 가상화 솔루션 개발 경력 | GitLab 솔루션 엔지니어 | 이리온 C++ 어플리케이션 개발자(서울),서버/백엔드 | DevOps/인프라 | 웹 프론트엔드 | ML/AI | 모바일 앱,0.05,,,
zeromq/libzmq,https://github.com/zeromq/libzmq,게임 서버,게임 서버,ai_classifier_rerank,0,0,0,SW/솔루션,SW/솔루션 | SW/솔루션 | SW/솔루션 | 프론트엔드 | devops/시스템 엔지니어,0.8490 | 0.8449 | 0.8316 | 0.8178 | 0.8165,0.8490 | 0.8449 | 0.8316 | 0.8185 | 0.8168,L4-L7 스위치 가상화 솔루션 개발 경력 | GitLab 솔루션 엔지니어 | 이리온 C++ 어플리케이션 개발자(서울) | 프론트엔드 개발자 | SRE/DevOps Engineer,,,게임 서버,게임 서버:0.6633 | HW/임베디드:0.1200 | 서버/백엔드:0.0833 | 안드로이드:0.0533 | 블록체인:0.0233,0.1
akka/akka,https://github.com/akka/akka,게임 서버,게임 서버,faiss_only,0,0,0,SW/솔루션,SW/솔루션 | SW/솔루션 | 프론트엔드 | devops/시스템 엔지니어 | SW/솔루션,0.8465 | 0.8462 | 0.8193 | 0.8174 | 0.8152,0.8465 | 0.8462 | 0.8193 | 0.8174 | 0.8152,GitLab 솔루션 엔지니어 | L4-L7 스위치 가상화 솔루션 개발 경력 | 프론트엔드 개발자 | SRE/DevOps Engineer | 이리온 C++ 어플리케이션 개발자(서울),,,,,
akka/akka,https://github.com/akka/akka,게임 서버,게임 서버,domain_rerank,0,0,0,프론트엔드,프론트엔드 | devops/시스템 엔지니어 | SW/솔루션 | SW/솔루션 | SW/솔루션,0.8193 | 0.8174 | 0.8465 | 0.8462 | 0.8152,0.8693 | 0.8674 | 0.8465 | 0.8462 | 0.8152,프론트엔드 개발자 | SRE/DevOps Engineer | GitLab 솔루션 엔지니어 | L4-L7 스위치 가상화 솔루션 개발 경력 | 이리온 C++ 어플리케이션 개발자(서울),게임 개발 | 웹 프론트엔드 | 서버/백엔드 | ML/AI | 빅데이터 엔지니어 | 도구 개발 | 모바일 앱 | DevOps/인프라,0.05,,,
akka/akka,https://github.com/akka/akka,게임 서버,게임 서버,ai_classifier_rerank,0,0,0,SW/솔루션,SW/솔루션 | SW/솔루션 | 프론트엔드 | devops/시스템 엔지니어 | SW/솔루션,0.8465 | 0.8462 | 0.8193 | 0.8174 | 0.8152,0.8465 | 0.8462 | 0.8309 | 0.8207 | 0.8152,GitLab 솔루션 엔지니어 | L4-L7 스위치 가상화 솔루션 개발 경력 | 프론트엔드 개발자 | SRE/DevOps Engineer | 이리온 C++ 어플리케이션 개발자(서울),,,블록체인,블록체인:0.2533 | 서버/백엔드:0.2200 | 프론트엔드:0.1167 | 빅데이터 엔지니어:0.1100 | HW/임베디드:0.1067,0.1
etcd-io/etcd,https://github.com/etcd-io/etcd,게임 서버,게임 서버,faiss_only,0,0,0,SW/솔루션,SW/솔루션 | SW/솔루션 | SW/솔루션 | 프론트엔드 | devops/시스템 엔지니어,0.8386 | 0.8374 | 0.8211 | 0.8085 | 0.8078,0.8386 | 0.8374 | 0.8211 | 0.8085 | 0.8078,GitLab 솔루션 엔지니어 | L4-L7 스위치 가상화 솔루션 개발 경력 | 이리온 C++ 어플리케이션 개발자(서울) | 프론트엔드 개발자 | 개발자(devops/시스템엔지니어) 채용 (경력1년~4년),,,,,
etcd-io/etcd,https://github.com/etcd-io/etcd,게임 서버,게임 서버,domain_rerank,0,0,0,프론트엔드,프론트엔드 | devops/시스템 엔지니어 | SW/솔루션 | SW/솔루션 | SW/솔루션,0.8085 | 0.8078 | 0.8386 | 0.8374 | 0.8211,0.8585 | 0.8578 | 0.8386 | 0.8374 | 0.8211,프론트엔드 개발자 | 개발자(devops/시스템엔지니어) 채용 (경력1년~4년) | GitLab 솔루션 엔지니어 | L4-L7 스위치 가상화 솔루션 개발 경력 | 이리온 C++ 어플리케이션 개발자(서울),게임 개발 | 웹 프론트엔드 | 서버/백엔드 | ML/AI | DevOps/인프라 | 블록체인 | 빅데이터 엔지니어 | 모바일 앱,0.05,,,
etcd-io/etcd,https://github.com/etcd-io/etcd,게임 서버,게임 서버,ai_classifier_rerank,0,0,0,SW/솔루션,SW/솔루션 | SW/솔루션 | SW/솔루션 | 프론트엔드 | devops/시스템 엔지니어,0.8386 | 0.8374 | 0.8211 | 0.8085 | 0.8078,0.8386 | 0.8374 | 0.8211 | 0.8099 | 0.8091,GitLab 솔루션 엔지니어 | L4-L7 스위치 가상화 솔루션 개발 경력 | 이리온 C++ 어플리케이션 개발자(서울) | 프론트엔드 개발자 | 개발자(devops/시스템엔지니어) 채용 (경력1년~4년),,,게임 서버,게임 서버:0.7067 | 서버/백엔드:0.0967 | 안드로이드:0.0600 | HW/임베디드:0.0433 | 블록체인:0.0267,0.1
kubernetes/kubernetes,https://github.com/kubernetes/kubernetes,devops/시스템 엔지니어,devops/시스템 엔지니어,faiss_only,1,1,1,devops/시스템 엔지니어,devops/시스템 엔지니어 | SW/솔루션 | 서버/백엔드 | SW/솔루션 | devops/시스템 엔지니어,0.8354 | 0.8348 | 0.8283 | 0.8271 | 0.8252,0.8354 | 0.8348 | 0.8283 | 0.8271 | 0.8252,[DC파트] 인프라 엔지니어 시스템 운영자 | S/W 개발 (사원 ~ 선임) | 백엔드 개발/서버 운영 (10년이상) | L4-L7 스위치 가상화 솔루션 개발 경력 | [개발] 임베디드 시스템 프로그래머,,,,,
kubernetes/kubernetes,https://github.com/kubernetes/kubernetes,devops/시스템 엔지니어,devops/시스템 엔지니어,domain_rerank,1,1,1,devops/시스템 엔지니어,devops/시스템 엔지니어 | 서버/백엔드 | devops/시스템 엔지니어 | SW/솔루션 | SW/솔루션,0.8354 | 0.8283 | 0.8252 | 0.8348 | 0.8271,0.8854 | 0.8783 | 0.8752 | 0.8348 | 0.8271,[DC파트] 인프라 엔지니어 시스템 운영자 | 백엔드 개발/서버 운영 (10년이상) | [개발] 임베디드 시스템 프로그래머 | S/W 개발 (사원 ~ 선임) | L4-L7 스위치 가상화 솔루션 개발 경력,게임 개발 | 웹 프론트엔드 | 서버/백엔드 | ML/AI | DevOps/인프라 | 블록체인 | 빅데이터 엔지니어 | 도구 개발 | 모바일 앱,0.05,,,
kubernetes/kubernetes,https://github.com/kubernetes/kubernetes,devops/시스템 엔지니어,devops/시스템 엔지니어,ai_classifier_rerank,1,1,1,devops/시스템 엔지니어,devops/시스템 엔지니어 | devops/시스템 엔지니어 | SW/솔루션 | 서버/백엔드 | SW/솔루션,0.8354 | 0.8252 | 0.8348 | 0.8283 | 0.8271,0.9114 | 0.9012 | 0.8348 | 0.8286 | 0.8271,[DC파트] 인프라 엔지니어 시스템 운영자 | [개발] 임베디드 시스템 프로그래머 | S/W 개발 (사원 ~ 선임) | 백엔드 개발/서버 운영 (10년이상) | L4-L7 스위치 가상화 솔루션 개발 경력,,,devops/시스템 엔지니어,devops/시스템 엔지니어:0.7600 | 빅데이터 엔지니어:0.0867 | 웹 풀스택:0.0249 | 게임 클라이언트:0.0233 | 블록체인:0.0200,0.1
hashicorp/terraform,https://github.com/hashicorp/terraform,devops/시스템 엔지니어,devops/시스템 엔지니어,faiss_only,0,1,1,SW/솔루션,SW/솔루션 | SW/솔루션 | devops/시스템 엔지니어 | iOS | devops/시스템 엔지니어,0.8687 | 0.8466 | 0.8356 | 0.8230 | 0.8211,0.8687 | 0.8466 | 0.8356 | 0.8230 | 0.8211,GitLab 솔루션 엔지니어 | L4-L7 스위치 가상화 솔루션 개발 경력 | [DC파트] 인프라 엔지니어 시스템 운영자 | ADC(L4-L7 스위치) 애플리케이션 개발 | SRE/DevOps Engineer,,,,,
hashicorp/terraform,https://github.com/hashicorp/terraform,devops/시스템 엔지니어,devops/시스템 엔지니어,domain_rerank,1,1,1,devops/시스템 엔지니어,devops/시스템 엔지니어 | iOS | devops/시스템 엔지니어 | SW/솔루션 | SW/솔루션,0.8356 | 0.8230 | 0.8211 | 0.8687 | 0.8466,0.8856 | 0.8730 | 0.8711 | 0.8687 | 0.8466,[DC파트] 인프라 엔지니어 시스템 운영자 | ADC(L4-L7 스위치) 애플리케이션 개발 | SRE/DevOps Engineer | GitLab 솔루션 엔지니어 | L4-L7 스위치 가상화 솔루션 개발 경력,게임 개발 | 웹 프론트엔드 | 서버/백엔드 | ML/AI | DevOps/인프라 | 모바일 앱,0.05,,,
hashicorp/terraform,https://github.com/hashicorp/terraform,devops/시스템 엔지니어,devops/시스템 엔지니어,ai_classifier_rerank,0,1,1,SW/솔루션,SW/솔루션 | devops/시스템 엔지니어 | SW/솔루션 | devops/시스템 엔지니어 | iOS,0.8687 | 0.8356 | 0.8466 | 0.8211 | 0.8230,0.8687 | 0.8519 | 0.8466 | 0.8374 | 0.8290,GitLab 솔루션 엔지니어 | [DC파트] 인프라 엔지니어 시스템 운영자 | L4-L7 스위치 가상화 솔루션 개발 경력 | SRE/DevOps Engineer | ADC(L4-L7 스위치) 애플리케이션 개발,,,서버/백엔드,서버/백엔드:0.3100 | devops/시스템 엔지니어:0.1633 | 블록체인:0.1600 | 빅데이터 엔지니어:0.1233 | iOS:0.0600,0.1
ansible/ansible,https://github.com/ansible/ansible,devops/시스템 엔지니어,devops/시스템 엔지니어,faiss_only,0,0,1,SW/솔루션,SW/솔루션 | SW/솔루션 | SW/솔루션 | devops/시스템 엔지니어 | SW/솔루션,0.8061 | 0.7993 | 0.7969 | 0.7944 | 0.7932,0.8061 | 0.7993 | 0.7969 | 0.7944 | 0.7932,S/W 개발 (사원 ~ 선임) | WEBFRONT-K GUI 개발 | LLM Platform Engineer | [개발] 임베디드 시스템 프로그래머 | Solution팀 SW 개발,,,,,
ansible/ansible,https://github.com/ansible/ansible,devops/시스템 엔지니어,devops/시스템 엔지니어,domain_rerank,1,1,1,devops/시스템 엔지니어,devops/시스템 엔지니어 | SW/솔루션 | SW/솔루션 | SW/솔루션 | SW/솔루션,0.7944 | 0.8061 | 0.7993 | 0.7969 | 0.7932,0.8444 | 0.8061 | 0.7993 | 0.7969 | 0.7932,[개발] 임베디드 시스템 프로그래머 | S/W 개발 (사원 ~ 선임) | WEBFRONT-K GUI 개발 | LLM Platform Engineer | Solution팀 SW 개발,게임 개발 | 웹 프론트엔드 | 서버/백엔드 | ML/AI | DevOps/인프라 | 빅데이터 엔지니어 | 모바일 앱 | 블록체인,0.05,,,
ansible/ansible,https://github.com/ansible/ansible,devops/시스템 엔지니어,devops/시스템 엔지니어,ai_classifier_rerank,1,1,1,devops/시스템 엔지니어,devops/시스템 엔지니어 | SW/솔루션 | SW/솔루션 | SW/솔루션 | SW/솔루션,0.7944 | 0.8061 | 0.7993 | 0.7969 | 0.7932,0.8651 | 0.8061 | 0.7993 | 0.7969 | 0.7932,[개발] 임베디드 시스템 프로그래머 | S/W 개발 (사원 ~ 선임) | WEBFRONT-K GUI 개발 | LLM Platform Engineer | Solution팀 SW 개발,,,devops/시스템 엔지니어,devops/시스템 엔지니어:0.7067 | 게임 서버:0.0535 | 블록체인:0.0433 | QA 엔지니어:0.0390 | iOS:0.0367,0.1
prometheus/prometheus,https://github.com/prometheus/prometheus,devops/시스템 엔지니어,devops/시스템 엔지니어,faiss_only,0,0,0,SW/솔루션,SW/솔루션 | SW/솔루션 | 프론트엔드 | 프론트엔드 | SW/솔루션,0.8307 | 0.8122 | 0.8105 | 0.7992 | 0.7983,0.8307 | 0.8122 | 0.8105 | 0.7992 | 0.7983,GitLab 솔루션 엔지니어 | L4-L7 스위치 가상화 솔루션 개발 경력 | 프론트엔드 개발자 | 프론트엔드 개발자 | WEBFRONT-K GUI 개발,,,,,
prometheus/prometheus,https://github.com/prometheus/prometheus,devops/시스템 엔지니어,devops/시스템 엔지니어,domain_rerank,0,0,0,프론트엔드,프론트엔드 | 프론트엔드 | SW/솔루션 | SW/솔루션 | SW/솔루션,0.8105 | 0.7992 | 0.8307 | 0.8122 | 0.7983,0.8605 | 0.8492 | 0.8307 | 0.8122 | 0.7983,프론트엔드 개발자 | 프론트엔드 개발자 | GitLab 솔루션 엔지니어 | L4-L7 스위치 가상화 솔루션 개발 경력 | WEBFRONT-K GUI 개발,웹 프론트엔드 | 서버/백엔드 | ML/AI | 게임 개발 | 모바일 앱 | DevOps/인프라 | 블록체인 | 빅데이터 엔지니어,0.05,,,
prometheus/prometheus,https://github.com/prometheus/prometheus,devops/시스템 엔지니어,devops/시스템 엔지니어,ai_classifier_rerank,0,0,0,SW/솔루션,SW/솔루션 | 프론트엔드 | SW/솔루션 | 프론트엔드 | SW/솔루션,0.8307 | 0.8105 | 0.8122 | 0.7992 | 0.7983,0.8307 | 0.8142 | 0.8122 | 0.8028 | 0.7983,GitLab 솔루션 엔지니어 | 프론트엔드 개발자 | L4-L7 스위치 가상화 솔루션 개발 경력 | 프론트엔드 개발자 | WEBFRONT-K GUI 개발,,,devops/시스템 엔지니어,devops/시스템 엔지니어:0.6567 | 블록체인:0.0567 | 인공지능/머신러닝:0.0500 | 게임 서버:0.0467 | 프론트엔드:0.0367,0.1
grafana/grafana,https://github.com/grafana/grafana,devops/시스템 엔지니어,devops/시스템 엔지니어,faiss_only,0,0,0,SW/솔루션,SW/솔루션 | 프론트엔드 | SW/솔루션 | 프론트엔드 | iOS,0.8204 | 0.8136 | 0.8087 | 0.7975 | 0.7912,0.8204 | 0.8136 | 0.8087 | 0.7975 | 0.7912,GitLab 솔루션 엔지니어 | 프론트엔드 개발자 | L4-L7 스위치 가상화 솔루션 개발 경력 | 프론트엔드 개발자 | ADC(L4-L7 스위치) 애플리케이션 개발,,,,,
grafana/grafana,https://github.com/grafana/grafana,devops/시스템 엔지니어,devops/시스템 엔지니어,domain_rerank,0,0,0,프론트엔드,프론트엔드 | 프론트엔드 | iOS | SW/솔루션 | SW/솔루션,0.8136 | 0.7975 | 0.7912 | 0.8204 | 0.8087,0.8636 | 0.8475 | 0.8412 | 0.8204 | 0.8087,프론트엔드 개발자 | 프론트엔드 개발자 | ADC(L4-L7 스위치) 애플리케이션 개발 | GitLab 솔루션 엔지니어 | L4-L7 스위치 가상화 솔루션 개발 경력,게임 개발 | 웹 프론트엔드 | 서버/백엔드 | ML/AI | 모바일 앱 | DevOps/인프라 | 블록체인 | 빅데이터 엔지니어 | 도구 개발,0.05,,,
grafana/grafana,https://github.com/grafana/grafana,devops/시스템 엔지니어,devops/시스템 엔지니어,ai_classifier_rerank,0,0,0,SW/솔루션,SW/솔루션 | 프론트엔드 | SW/솔루션 | 프론트엔드 | iOS,0.8204 | 0.8136 | 0.8087 | 0.7975 | 0.7912,0.8204 | 0.8156 | 0.8087 | 0.7995 | 0.7962,GitLab 솔루션 엔지니어 | 프론트엔드 개발자 | L4-L7 스위치 가상화 솔루션 개발 경력 | 프론트엔드 개발자 | ADC(L4-L7 스위치) 애플리케이션 개발,,,devops/시스템 엔지니어,devops/시스템 엔지니어:0.6467 | 서버/백엔드:0.1000 | iOS:0.0500 | HW/임베디드:0.0400 | 빅데이터 엔지니어:0.0400,0.1
helm/helm,https://github.com/helm/helm,devops/시스템 엔지니어,devops/시스템 엔지니어,faiss_only,0,0,0,SW/솔루션,SW/솔루션 | SW/솔루션 | 서버/백엔드 | iOS | SW/솔루션,0.8434 | 0.8165 | 0.8011 | 0.7967 | 0.7962,0.8434 | 0.8165 | 0.8011 | 0.7967 | 0.7962,GitLab 솔루션 엔지니어 | L4-L7 스위치 가상화 솔루션 개발 경력 | 서버/백엔드 개발자 채용 (경력1년~4년) | ADC(L4-L7 스위치) 애플리케이션 개발 | 이리온 C++ 어플리케이션 개발자(서울),,,,,
helm/helm,https://github.com/helm/helm,devops/시스템 엔지니어,devops/시스템 엔지니어,domain_rerank,0,0,0,서버/백엔드,서버/백엔드 | iOS | SW/솔루션 | SW/솔루션 | SW/솔루션,0.8011 | 0.7967 | 0.8434 | 0.8165 | 0.7962,0.8511 | 0.8467 | 0.8434 | 0.8165 | 0.7962,서버/백엔드 개발자 채용 (경력1년~4년) | ADC(L4-L7 스위치) 애플리케이션 개발 | GitLab 솔루션 엔지니어 | L4-L7 스위치 가상화 솔루션 개발 경력 | 이리온 C++ 어플리케이션 개발자(서울),게임 개발 | 웹 프론트엔드 | 서버/백엔드 | DevOps/인프라 | ML/AI | 모바일 앱,0.05,,,
helm/helm,https://github.com/helm/helm,devops/시스템 엔지니어,devops/시스템 엔지니어,ai_classifier_rerank,0,0,0,SW/솔루션,SW/솔루션 | SW/솔루션 | 서버/백엔드 | iOS | SW/솔루션,0.8434 | 0.8165 | 0.8011 | 0.7967 | 0.7962,0.8434 | 0.8165 | 0.8051 | 0.7970 | 0.7962,GitLab 솔루션 엔지니어 | L4-L7 스위치 가상화 솔루션 개발 경력 | 서버/백엔드 개발자 채용 (경력1년~4년) | ADC(L4-L7 스위치) 애플리케이션 개발 | 이리온 C++ 어플리케이션 개발자(서울),,,devops/시스템 엔지니어,devops/시스템 엔지니어:0.8000 | 블록체인:0.0533 | 빅데이터 엔지니어:0.0400 | 서버/백엔드:0.0400 | 게임 서버:0.0367,0.1
argoproj/argo-cd,https://github.com/argoproj/argo-cd,devops/시스템 엔지니어,devops/시스템 엔지니어,faiss_only,0,1,1,SW/솔루션,SW/솔루션 | SW/솔루션 | devops/시스템 엔지니어 | 프론트엔드 | SW/솔루션,0.8647 | 0.8346 | 0.8289 | 0.8191 | 0.8190,0.8647 | 0.8346 | 0.8289 | 0.8191 | 0.8190,GitLab 솔루션 엔지니어 | L4-L7 스위치 가상화 솔루션 개발 경력 | [DC파트] 인프라 엔지니어 시스템 운영자 | 프론트엔드 개발자 | Linux System Engineer,,,,,
argoproj/argo-cd,https://github.com/argoproj/argo-cd,devops/시스템 엔지니어,devops/시스템 엔지니어,domain_rerank,1,1,1,devops/시스템 엔지니어,devops/시스템 엔지니어 | 프론트엔드 | SW/솔루션 | SW/솔루션 | SW/솔루션,0.8289 | 0.8191 | 0.8647 | 0.8346 | 0.8190,0.8789 | 0.8691 | 0.8647 | 0.8346 | 0.8190,[DC파트] 인프라 엔지니어 시스템 운영자 | 프론트엔드 개발자 | GitLab 솔루션 엔지니어 | L4-L7 스위치 가상화 솔루션 개발 경력 | Linux System Engineer,게임 개발 | 웹 프론트엔드 | 서버/백엔드 | ML/AI | DevOps/인프라 | 빅데이터 엔지니어 | 도구 개발 | 모바일 앱 | 블록체인,0.05,,,
argoproj/argo-cd,https://github.com/argoproj/argo-cd,devops/시스템 엔지니어,devops/시스템 엔지니어,ai_classifier_rerank,1,1,1,devops/시스템 엔지니어,devops/시스템 엔지니어 | SW/솔루션 | SW/솔루션 | 프론트엔드 | SW/솔루션,0.8289 | 0.8647 | 0.8346 | 0.8191 | 0.8190,0.8949 | 0.8647 | 0.8346 | 0.8207 | 0.8190,[DC파트] 인프라 엔지니어 시스템 운영자 | GitLab 솔루션 엔지니어 | L4-L7 스위치 가상화 솔루션 개발 경력 | 프론트엔드 개발자 | Linux System Engineer,,,devops/시스템 엔지니어,devops/시스템 엔지니어:0.6600 | 게임 서버:0.0967 | 빅데이터 엔지니어:0.0567 | QA 엔지니어:0.0400 | 블록체인:0.0400,0.1
fluxcd/flux2,https://github.com/fluxcd/flux2,devops/시스템 엔지니어,devops/시스템 엔지니어,faiss_only,0,1,1,SW/솔루션,SW/솔루션 | SW/솔루션 | devops/시스템 엔지니어 | devops/시스템 엔지니어 | SW/솔루션,0.8531 | 0.8294 | 0.8186 | 0.8149 | 0.8113,0.8531 | 0.8294 | 0.8186 | 0.8149 | 0.8113,GitLab 솔루션 엔지니어 | L4-L7 스위치 가상화 솔루션 개발 경력 | 개발자(devops/시스템엔지니어) 채용 (경력1년~4년) | [DC파트] 인프라 엔지니어 시스템 운영자 | 이리온 C++ 어플리케이션 개발자(서울),,,,,
fluxcd/flux2,https://github.com/fluxcd/flux2,devops/시스템 엔지니어,devops/시스템 엔지니어,domain_rerank,1,1,1,devops/시스템 엔지니어,devops/시스템 엔지니어 | devops/시스템 엔지니어 | SW/솔루션 | SW/솔루션 | SW/솔루션,0.8186 | 0.8149 | 0.8531 | 0.8294 | 0.8113,0.8686 | 0.8649 | 0.8531 | 0.8294 | 0.8113,개발자(devops/시스템엔지니어) 채용 (경력1년~4년) | [DC파트] 인프라 엔지니어 시스템 운영자 | GitLab 솔루션 엔지니어 | L4-L7 스위치 가상화 솔루션 개발 경력 | 이리온 C++ 어플리케이션 개발자(서울),웹 프론트엔드 | 서버/백엔드 | DevOps/인프라 | 게임 개발 | ML/AI | 모바일 앱,0.05,,,
fluxcd/flux2,https://github.com/fluxcd/flux2,devops/시스템 엔지니어,devops/시스템 엔지니어,ai_classifier_rerank,1,1,1,devops/시스템 엔지니어,devops/시스템 엔지니어 | devops/시스템 엔지니어 | SW/솔루션 | SW/솔루션 | SW/솔루션,0.8186 | 0.8149 | 0.8531 | 0.8294 | 0.8113,0.8946 | 0.8909 | 0.8531 | 0.8294 | 0.8113,개발자(devops/시스템엔지니어) 채용 (경력1년~4년) | [DC파트] 인프라 엔지니어 시스템 운영자 | GitLab 솔루션 엔지니어 | L4-L7 스위치 가상화 솔루션 개발 경력 | 이리온 C++ 어플리케이션 개발자(서울),,,devops/시스템 엔지니어,devops/시스템 엔지니어:0.7600 | 게임 서버:0.1100 | 빅데이터 엔지니어:0.0433 | 블록체인:0.0267 | 서버/백엔드:0.0200,0.1
istio/istio,https://github.com/istio/istio,devops/시스템 엔지니어,devops/시스템 엔지니어,faiss_only,0,0,1,SW/솔루션,SW/솔루션 | SW/솔루션 | SW/솔루션 | 웹 풀스택 | devops/시스템 엔지니어,0.8396 | 0.8291 | 0.8222 | 0.8220 | 0.8189,0.8396 | 0.8291 | 0.8222 | 0.8220 | 0.8189,S/W 개발 (사원 ~ 선임) | L4-L7 스위치 가상화 솔루션 개발 경력 | WEBFRONT-K GUI 개발 | Fullstack Engineer | [개발] 임베디드 시스템 프로그래머,,,,,
istio/istio,https://github.com/istio/istio,devops/시스템 엔지니어,devops/시스템 엔지니어,domain_rerank,1,1,1,devops/시스템 엔지니어,devops/시스템 엔지니어 | SW/솔루션 | SW/솔루션 | SW/솔루션 | 웹 풀스택,0.8189 | 0.8396 | 0.8291 | 0.8222 | 0.8220,0.8689 | 0.8396 | 0.8291 | 0.8222 | 0.8220,[개발] 임베디드 시스템 프로그래머 | S/W 개발 (사원 ~ 선임) | L4-L7 스위치 가상화 솔루션 개발 경력 | WEBFRONT-K GUI 개발 | Fullstack Engineer,게임 개발 | 웹 프론트엔드 | 서버/백엔드 | ML/AI | DevOps/인프라 | 도구 개발 | 모바일 앱 | 블록체인,0.05,,,
istio/istio,https://github.com/istio/istio,devops/시스템 엔지니어,devops/시스템 엔지니어,ai_classifier_rerank,1,1,1,devops/시스템 엔지니어,devops/시스템 엔지니어 | SW/솔루션 | SW/솔루션 | 웹 풀스택 | SW/솔루션,0.8189 | 0.8396 | 0.8291 | 0.8220 | 0.8222,0.8912 | 0.8396 | 0.8291 | 0.8240 | 0.8222,[개발] 임베디드 시스템 프로그래머 | S/W 개발 (사원 ~ 선임) | L4-L7 스위치 가상화 솔루션 개발 경력 | Fullstack Engineer | WEBFRONT-K GUI 개발,,,devops/시스템 엔지니어,devops/시스템 엔지니어:0.7233 | 게임 서버:0.0783 | 서버/백엔드:0.0500 | 블록체인:0.0467 | 웹 풀스택:0.0203,0.1
elastic/elasticsearch,https://github.com/elastic/elasticsearch,devops/시스템 엔지니어,devops/시스템 엔지니어,faiss_only,0,0,0,SW/솔루션,SW/솔루션 | SW/솔루션 | SW/솔루션 | SW/솔루션 | SW/솔루션,0.8487 | 0.8362 | 0.8278 | 0.8260 | 0.8216,0.8487 | 0.8362 | 0.8278 | 0.8260 | 0.8216,GitLab 솔루션 엔지니어 | L4-L7 스위치 가상화 솔루션 개발 경력 | MLOps Engineer | S/W 개발 (사원 ~ 선임) | Linux System Engineer,,,,,
elastic/elasticsearch,https://github.com/elastic/elasticsearch,devops/시스템 엔지니어,devops/시스템 엔지니어,domain_rerank,0,0,0,SW/솔루션,SW/솔루션 | SW/솔루션 | SW/솔루션 | SW/솔루션 | SW/솔루션,0.8487 | 0.8362 | 0.8278 | 0.8260 | 0.8216,0.8487 | 0.8362 | 0.8278 | 0.8260 | 0.8216,GitLab 솔루션 엔지니어 | L4-L7 스위치 가상화 솔루션 개발 경력 | MLOps Engineer | S/W 개발 (사원 ~ 선임) | Linux System Engineer,게임 개발 | 웹 프론트엔드 | 서버/백엔드 | ML/AI | 모바일 앱 | DevOps/인프라 | 블록체인 | 빅데이터 엔지니어 | 도구 개발,0.05,,,
elastic/elasticsearch,https://github.com/elastic/elasticsearch,devops/시스템 엔지니어,devops/시스템 엔지니어,ai_classifier_rerank,0,0,0,SW/솔루션,SW/솔루션 | SW/솔루션 | SW/솔루션 | SW/솔루션 | SW/솔루션,0.8487 | 0.8362 | 0.8278 | 0.8260 | 0.8216,0.8487 | 0.8362 | 0.8278 | 0.8260 | 0.8216,GitLab 솔루션 엔지니어 | L4-L7 스위치 가상화 솔루션 개발 경력 | MLOps Engineer | S/W 개발 (사원 ~ 선임) | Linux System Engineer,,,devops/시스템 엔지니어,devops/시스템 엔지니어:0.6467 | 빅데이터 엔지니어:0.1600 | 인공지능/머신러닝:0.0600 | 웹 풀스택:0.0507 | 크로스플랫폼 앱:0.0267,0.1
ethereum/go-ethereum,https://github.com/ethereum/go-ethereum,블록체인,블록체인,faiss_only,0,0,0,SW/솔루션,SW/솔루션 | SW/솔루션 | SW/솔루션 | devops/시스템 엔지니어 | devops/시스템 엔지니어,0.8374 | 0.8257 | 0.8146 | 0.8056 | 0.7992,0.8374 | 0.8257 | 0.8146 | 0.8056 | 0.7992,GitLab 솔루션 엔지니어 | L4-L7 스위치 가상화 솔루션 개발 경력 | 이리온 C++ 어플리케이션 개발자(서울) | SRE/DevOps Engineer | DevOps(K8s 기반) CI/CD 개발 엔지니어,,,,,
ethereum/go-ethereum,https://github.com/ethereum/go-ethereum,블록체인,블록체인,domain_rerank,0,0,0,devops/시스템 엔지니어,devops/시스템 엔지니어 | devops/시스템 엔지니어 | SW/솔루션 | SW/솔루션 | SW/솔루션,0.8056 | 0.7992 | 0.8374 | 0.8257 | 0.8146,0.8556 | 0.8492 | 0.8374 | 0.8257 | 0.8146,SRE/DevOps Engineer | DevOps(K8s 기반) CI/CD 개발 엔지니어 | GitLab 솔루션 엔지니어 | L4-L7 스위치 가상화 솔루션 개발 경력 | 이리온 C++ 어플리케이션 개발자(서울),게임 개발 | 웹 프론트엔드 | 서버/백엔드 | 블록체인 | 빅데이터 엔지니어 | ML/AI | 모바일 앱 | DevOps/인프라,0.05,,,
ethereum/go-ethereum,https://github.com/ethereum/go-ethereum,블록체인,블록체인,ai_classifier_rerank,0,0,0,SW/솔루션,SW/솔루션 | SW/솔루션 | SW/솔루션 | devops/시스템 엔지니어 | devops/시스템 엔지니어,0.8374 | 0.8257 | 0.8146 | 0.8056 | 0.7992,0.8374 | 0.8257 | 0.8146 | 0.8069 | 0.8005,GitLab 솔루션 엔지니어 | L4-L7 스위치 가상화 솔루션 개발 경력 | 이리온 C++ 어플리케이션 개발자(서울) | SRE/DevOps Engineer | DevOps(K8s 기반) CI/CD 개발 엔지니어,,,블록체인,블록체인:0.7333 | HW/임베디드:0.0933 | iOS:0.0400 | 서버/백엔드:0.0367 | 안드로이드:0.0333,0.1
hyperledger/fabric,https://github.com/hyperledger/fabric,블록체인,블록체인,faiss_only,0,0,0,SW/솔루션,SW/솔루션 | SW/솔루션 | devops/시스템 엔지니어 | SW/솔루션 | devops/시스템 엔지니어,0.8348 | 0.8293 | 0.8101 | 0.8079 | 0.8020,0.8348 | 0.8293 | 0.8101 | 0.8079 | 0.8020,GitLab 솔루션 엔지니어 | L4-L7 스위치 가상화 솔루션 개발 경력 | SRE/DevOps Engineer | 이리온 C++ 어플리케이션 개발자(서울) | DevOps(K8s 기반) CI/CD 개발 엔지니어,,,,,
hyperledger/fabric,https://github.com/hyperledger/fabric,블록체인,블록체인,domain_rerank,0,0,0,devops/시스템 엔지니어,devops/시스템 엔지니어 | devops/시스템 엔지니어 | SW/솔루션 | SW/솔루션 | SW/솔루션,0.8101 | 0.8020 | 0.8348 | 0.8293 | 0.8079,0.8601 | 0.8520 | 0.8348 | 0.8293 | 0.8079,SRE/DevOps Engineer | DevOps(K8s 기반) CI/CD 개발 엔지니어 | GitLab 솔루션 엔지니어 | L4-L7 스위치 가상화 솔루션 개발 경력 | 이리온 C++ 어플리케이션 개발자(서울),게임 개발 | 웹 프론트엔드 | 서버/백엔드 | ML/AI | DevOps/인프라 | 블록체인 | 빅데이터 엔지니어,0.05,,,
hyperledger/fabric,https://github.com/hyperledger/fabric,블록체인,블록체인,ai_classifier_rerank,0,0,0,SW/솔루션,SW/솔루션 | SW/솔루션 | devops/시스템 엔지니어 | SW/솔루션 | devops/시스템 엔지니어,0.8348 | 0.8293 | 0.8101 | 0.8079 | 0.8020,0.8348 | 0.8293 | 0.8157 | 0.8079 | 0.8077,GitLab 솔루션 엔지니어 | L4-L7 스위치 가상화 솔루션 개발 경력 | SRE/DevOps Engineer | 이리온 C++ 어플리케이션 개발자(서울) | DevOps(K8s 기반) CI/CD 개발 엔지니어,,,블록체인,블록체인:0.6567 | 서버/백엔드:0.1333 | 빅데이터 엔지니어:0.0633 | devops/시스템 엔지니어:0.0567 | 게임 서버:0.0233,0.1
paritytech/polkadot-sdk,https://github.com/paritytech/polkadot-sdk,블록체인,블록체인,faiss_only,0,0,0,SW/솔루션,SW/솔루션 | SW/솔루션 | SW/솔루션 | iOS | SW/솔루션,0.8121 | 0.8084 | 0.7972 | 0.7878 | 0.7839,0.8121 | 0.8084 | 0.7972 | 0.7878 | 0.7839,GitLab 솔루션 엔지니어 | L4-L7 스위치 가상화 솔루션 개발 경력 | 이리온 C++ 어플리케이션 개발자(서울) | ADC(L4-L7 스위치) 애플리케이션 개발 | S/W 개발 (사원 ~ 선임),,,,,
paritytech/polkadot-sdk,https://github.com/paritytech/polkadot-sdk,블록체인,블록체인,domain_rerank,0,0,0,iOS,iOS | SW/솔루션 | SW/솔루션 | SW/솔루션 | SW/솔루션,0.7878 | 0.8121 | 0.8084 | 0.7972 | 0.7839,0.8378 | 0.8121 | 0.8084 | 0.7972 | 0.7839,ADC(L4-L7 스위치) 애플리케이션 개발 | GitLab 솔루션 엔지니어 | L4-L7 스위치 가상화 솔루션 개발 경력 | 이리온 C++ 어플리케이션 개발자(서울) | S/W 개발 (사원 ~ 선임),게임 개발 | 웹 프론트엔드 | 서버/백엔드 | ML/AI | DevOps/인프라 | 블록체인 | 모바일 앱,0.05,,,
paritytech/polkadot-sdk,https://github.com/paritytech/polkadot-sdk,블록체인,블록체인,ai_classifier_rerank,0,0,0,SW/솔루션,SW/솔루션 | SW/솔루션 | SW/솔루션 | iOS | SW/솔루션,0.8121 | 0.8084 | 0.7972 | 0.7878 | 0.7839,0.8121 | 0.8084 | 0.7972 | 0.7885 | 0.7839,GitLab 솔루션 엔지니어 | L4-L7 스위치 가상화 솔루션 개발 경력 | 이리온 C++ 어플리케이션 개발자(서울) | ADC(L4-L7 스위치) 애플리케이션 개발 | S/W 개발 (사원 ~ 선임),,,블록체인,블록체인:0.6400 | 게임 클라이언트:0.0733 | HW/임베디드:0.0700 | 게임 서버:0.0567 | 크로스플랫폼 앱:0.0467,0.1
solana-labs/solana,https://github.com/solana-labs/solana,블록체인,블록체인,faiss_only,0,0,0,SW/솔루션,SW/솔루션 | SW/솔루션 | SW/솔루션 | devops/시스템 엔지니어 | devops/시스템 엔지니어,0.8374 | 0.8151 | 0.8066 | 0.8021 | 0.8018,0.8374 | 0.8151 | 0.8066 | 0.8021 | 0.8018,GitLab 솔루션 엔지니어 | L4-L7 스위치 가상화 솔루션 개발 경력 | 이리온 C++ 어플리케이션 개발자(서울) | DevOps(K8s 기반) CI/CD 개발 엔지니어 | SRE/DevOps Engineer,,,,,
solana-labs/solana,https://github.com/solana-labs/solana,블록체인,블록체인,domain_rerank,0,0,0,devops/시스템 엔지니어,devops/시스템 엔지니어 | devops/시스템 엔지니어 | SW/솔루션 | SW/솔루션 | SW/솔루션,0.8021 | 0.8018 | 0.8374 | 0.8151 | 0.8066,0.8521 | 0.8518 | 0.8374 | 0.8151 | 0.8066,DevOps(K8s 기반) CI/CD 개발 엔지니어 | SRE/DevOps Engineer | GitLab 솔루션 엔지니어 | L4-L7 스위치 가상화 솔루션 개발 경력 | 이리온 C++ 어플리케이션 개발자(서울),웹 프론트엔드 | 서버/백엔드 | ML/AI | DevOps/인프라 | 블록체인 | 빅데이터 엔지니어 | 모바일 앱,0.05,,,
solana-labs/solana,https://github.com/solana-labs/solana,블록체인,블록체인,ai_classifier_rerank,0,0,0,SW/솔루션,SW/솔루션 | SW/솔루션 | SW/솔루션 | devops/시스템 엔지니어 | devops/시스템 엔지니어,0.8374 | 0.8151 | 0.8066 | 0.8021 | 0.8018,0.8374 | 0.8151 | 0.8066 | 0.8021 | 0.8018,GitLab 솔루션 엔지니어 | L4-L7 스위치 가상화 솔루션 개발 경력 | 이리온 C++ 어플리케이션 개발자(서울) | DevOps(K8s 기반) CI/CD 개발 엔지니어 | SRE/DevOps Engineer,,,블록체인,블록체인:0.6400 | HW/임베디드:0.2100 | 안드로이드:0.0533 | 인공지능/머신러닝:0.0300 | 크로스플랫폼 앱:0.0300,0.1
bitcoin/bitcoin,https://github.com/bitcoin/bitcoin,블록체인,블록체인,faiss_only,0,0,0,SW/솔루션,SW/솔루션 | SW/솔루션 | SW/솔루션 | devops/시스템 엔지니어 | devops/시스템 엔지니어,0.8374 | 0.8151 | 0.8066 | 0.8021 | 0.8018,0.8374 | 0.8151 | 0.8066 | 0.8021 | 0.8018,GitLab 솔루션 엔지니어 | L4-L7 스위치 가상화 솔루션 개발 경력 | 이리온 C++ 어플리케이션 개발자(서울) | DevOps(K8s 기반) CI/CD 개발 엔지니어 | SRE/DevOps Engineer,,,,,
bitcoin/bitcoin,https://github.com/bitcoin/bitcoin,블록체인,블록체인,domain_rerank,0,0,0,SW/솔루션,SW/솔루션 | SW/솔루션 | SW/솔루션 | devops/시스템 엔지니어 | devops/시스템 엔지니어,0.8374 | 0.8151 | 0.8066 | 0.8021 | 0.8018,0.8374 | 0.8151 | 0.8066 | 0.8021 | 0.8018,GitLab 솔루션 엔지니어 | L4-L7 스위치 가상화 솔루션 개발 경력 | 이리온 C++ 어플리케이션 개발자(서울) | DevOps(K8s 기반) CI/CD 개발 엔지니어 | SRE/DevOps Engineer,게임 개발 | 웹 프론트엔드 | 서버/백엔드 | 모바일 앱 | 빅데이터 엔지니어 | ML/AI,0.05,,,
bitcoin/bitcoin,https://github.com/bitcoin/bitcoin,블록체인,블록체인,ai_classifier_rerank,0,0,0,SW/솔루션,SW/솔루션 | SW/솔루션 | SW/솔루션 | devops/시스템 엔지니어 | devops/시스템 엔지니어,0.8374 | 0.8151 | 0.8066 | 0.8021 | 0.8018,0.8374 | 0.8151 | 0.8066 | 0.8035 | 0.8032,GitLab 솔루션 엔지니어 | L4-L7 스위치 가상화 솔루션 개발 경력 | 이리온 C++ 어플리케이션 개발자(서울) | DevOps(K8s 기반) CI/CD 개발 엔지니어 | SRE/DevOps Engineer,,,블록체인,블록체인:0.2900 | HW/임베디드:0.2300 | iOS:0.1633 | 인공지능/머신러닝:0.1400 | 안드로이드:0.0633,0.1
stellar/stellar-core,https://github.com/stellar/stellar-core,블록체인,블록체인,faiss_only,0,0,0,SW/솔루션,SW/솔루션 | SW/솔루션 | SW/솔루션 | devops/시스템 엔지니어 | devops/시스템 엔지니어,0.8381 | 0.8128 | 0.8098 | 0.8074 | 0.7997,0.8381 | 0.8128 | 0.8098 | 0.8074 | 0.7997,GitLab 솔루션 엔지니어 | L4-L7 스위치 가상화 솔루션 개발 경력 | 이리온 C++ 어플리케이션 개발자(서울) | SRE/DevOps Engineer | DevOps(K8s 기반) CI/CD 개발 엔지니어,,,,,
stellar/stellar-core,https://github.com/stellar/stellar-core,블록체인,블록체인,domain_rerank,0,0,0,SW/솔루션,SW/솔루션 | SW/솔루션 | SW/솔루션 | devops/시스템 엔지니어 | devops/시스템 엔지니어,0.8381 | 0.8128 | 0.8098 | 0.8074 | 0.7997,0.8381 | 0.8128 | 0.8098 | 0.8074 | 0.7997,GitLab 솔루션 엔지니어 | L4-L7 스위치 가상화 솔루션 개발 경력 | 이리온 C++ 어플리케이션 개발자(서울) | SRE/DevOps Engineer | DevOps(K8s 기반) CI/CD 개발 엔지니어,게임 개발 | 웹 프론트엔드 | 서버/백엔드 | 블록체인 | 빅데이터 엔지니어 | ML/AI,0.05,,,
stellar/stellar-core,https://github.com/stellar/stellar-core,블록체인,블록체인,ai_classifier_rerank,0,0,0,SW/솔루션,SW/솔루션 | SW/솔루션 | SW/솔루션 | devops/시스템 엔지니어 | devops/시스템 엔지니어,0.8381 | 0.8128 | 0.8098 | 0.8074 | 0.7997,0.8381 | 0.8128 | 0.8098 | 0.8074 | 0.7997,GitLab 솔루션 엔지니어 | L4-L7 스위치 가상화 솔루션 개발 경력 | 이리온 C++ 어플리케이션 개발자(서울) | SRE/DevOps Engineer | DevOps(K8s 기반) CI/CD 개발 엔지니어,,,블록체인,블록체인:0.6900 | 인공지능/머신러닝:0.1433 | HW/임베디드:0.0533 | 프론트엔드:0.0267 | 게임 클라이언트:0.0167,0.1
cardano-foundation/cardano-wallet,https://github.com/cardano-foundation/cardano-wallet,블록체인,블록체인,faiss_only,0,0,0,SW/솔루션,SW/솔루션 | SW/솔루션 | SW/솔루션 | devops/시스템 엔지니어 | devops/시스템 엔지니어,0.8411 | 0.8351 | 0.8214 | 0.8178 | 0.8099,0.8411 | 0.8351 | 0.8214 | 0.8178 | 0.8099,GitLab 솔루션 엔지니어 | L4-L7 스위치 가상화 솔루션 개발 경력 | 이리온 C++ 어플리케이션 개발자(서울) | SRE/DevOps Engineer | 개발자(devops/시스템엔지니어) 채용 (경력1년~4년),,,,,
cardano-foundation/cardano-wallet,https://github.com/cardano-foundation/cardano-wallet,블록체인,블록체인,domain_rerank,0,0,0,devops/시스템 엔지니어,devops/시스템 엔지니어 | devops/시스템 엔지니어 | SW/솔루션 | SW/솔루션 | SW/솔루션,0.8178 | 0.8099 | 0.8411 | 0.8351 | 0.8214,0.8678 | 0.8599 | 0.8411 | 0.8351 | 0.8214,SRE/DevOps Engineer | 개발자(devops/시스템엔지니어) 채용 (경력1년~4년) | GitLab 솔루션 엔지니어 | L4-L7 스위치 가상화 솔루션 개발 경력 | 이리온 C++ 어플리케이션 개발자(서울),게임 개발 | 웹 프론트엔드 | 서버/백엔드 | ML/AI | DevOps/인프라 | 모바일 앱 | 블록체인,0.05,,,
cardano-foundation/cardano-wallet,https://github.com/cardano-foundation/cardano-wallet,블록체인,블록체인,ai_classifier_rerank,0,0,0,SW/솔루션,SW/솔루션 | SW/솔루션 | SW/솔루션 | devops/시스템 엔지니어 | devops/시스템 엔지니어,0.8411 | 0.8351 | 0.8214 | 0.8178 | 0.8099,0.8411 | 0.8351 | 0.8214 | 0.8195 | 0.8116,GitLab 솔루션 엔지니어 | L4-L7 스위치 가상화 솔루션 개발 경력 | 이리온 C++ 어플리케이션 개발자(서울) | SRE/DevOps Engineer | 개발자(devops/시스템엔지니어) 채용 (경력1년~4년),,,블록체인,블록체인:0.2700 | iOS:0.2067 | 서버/백엔드:0.1167 | 안드로이드:0.1133 | 인공지능/머신러닝:0.0800,0.1
ava-labs/avalanchego,https://github.com/ava-labs/avalanchego,블록체인,블록체인,faiss_only,0,0,0,SW/솔루션,SW/솔루션 | SW/솔루션 | devops/시스템 엔지니어 | SW/솔루션 | devops/시스템 엔지니어,0.8404 | 0.8301 | 0.8095 | 0.8061 | 0.8047,0.8404 | 0.8301 | 0.8095 | 0.8061 | 0.8047,GitLab 솔루션 엔지니어 | L4-L7 스위치 가상화 솔루션 개발 경력 | SRE/DevOps Engineer | S/W 개발 (사원 ~ 선임) | DevOps(K8s 기반) CI/CD 개발 엔지니어,,,,,
ava-labs/avalanchego,https://github.com/ava-labs/avalanchego,블록체인,블록체인,domain_rerank,0,0,0,devops/시스템 엔지니어,devops/시스템 엔지니어 | devops/시스템 엔지니어 | SW/솔루션 | SW/솔루션 | SW/솔루션,0.8095 | 0.8047 | 0.8404 | 0.8301 | 0.8061,0.8595 | 0.8547 | 0.8404 | 0.8301 | 0.8061,SRE/DevOps Engineer | DevOps(K8s 기반) CI/CD 개발 엔지니어 | GitLab 솔루션 엔지니어 | L4-L7 스위치 가상화 솔루션 개발 경력 | S/W 개발 (사원 ~ 선임),게임 개발 | 웹 프론트엔드 | 서버/백엔드 | ML/AI | DevOps/인프라 | 블록체인 | 빅데이터 엔지니어 | 도구 개발 | 모바일 앱,0.05,,,
ava-labs/avalanchego,https://github.com/ava-labs/avalanchego,블록체인,블록체인,ai_classifier_rerank,0,0,0,SW/솔루션,SW/솔루션 | SW/솔루션 | devops/시스템 엔지니어 | devops/시스템 엔지니어 | SW/솔루션,0.8404 | 0.8301 | 0.8095 | 0.8047 | 0.8061,0.8404 | 0.8301 | 0.8112 | 0.8064 | 0.8061,GitLab 솔루션 엔지니어 | L4-L7 스위치 가상화 솔루션 개발 경력 | SRE/DevOps Engineer | DevOps(K8s 기반) CI/CD 개발 엔지니어 | S/W 개발 (사원 ~ 선임),,,블록체인,블록체인:0.6967 | 서버/백엔드:0.1633 | 빅데이터 엔지니어:0.0300 | 프론트엔드:0.0267 | HW/임베디드:0.0200,0.1
Uniswap/v3-core,https://github.com/Uniswap/v3-core,블록체인,블록체인,faiss_only,0,0,0,SW/솔루션,SW/솔루션 | SW/솔루션 | SW/솔루션 | 안드로이드 | 서버/백엔드,0.8265 | 0.8215 | 0.8087 | 0.8061 | 0.8043,0.8265 | 0.8215 | 0.8087 | 0.8061 | 0.8043,"GitLab 솔루션 엔지니어 | L4-L7 스위치 가상화 솔루션 개발 경력 | S/W 개발 (사원 ~ 선임) | SW 개발자 신입 [Android, C, C++, QT] | 서버/백엔드 개발자 채용 (경력1년~4년)",,,,,
Uniswap/v3-core,https://github.com/Uniswap/v3-core,블록체인,블록체인,domain_rerank,0,0,0,SW/솔루션,SW/솔루션 | SW/솔루션 | SW/솔루션 | 안드로이드 | 서버/백엔드,0.8265 | 0.8215 | 0.8087 | 0.8061 | 0.8043,0.8265 | 0.8215 | 0.8087 | 0.8061 | 0.8043,"GitLab 솔루션 엔지니어 | L4-L7 스위치 가상화 솔루션 개발 경력 | S/W 개발 (사원 ~ 선임) | SW 개발자 신입 [Android, C, C++, QT] | 서버/백엔드 개발자 채용 (경력1년~4년)",블록체인 | ML/AI | DevOps/인프라,0.05,,,
Uniswap/v3-core,https://github.com/Uniswap/v3-core,블록체인,블록체인,ai_classifier_rerank,0,0,0,SW/솔루션,SW/솔루션 | SW/솔루션 | 서버/백엔드 | 안드로이드 | SW/솔루션,0.8265 | 0.8215 | 0.8043 | 0.8061 | 0.8087,0.8265 | 0.8215 | 0.8093 | 0.8091 | 0.8087,"GitLab 솔루션 엔지니어 | L4-L7 스위치 가상화 솔루션 개발 경력 | 서버/백엔드 개발자 채용 (경력1년~4년) | SW 개발자 신입 [Android, C, C++, QT] | S/W 개발 (사원 ~ 선임)",,,블록체인,블록체인:0.7633 | devops/시스템 엔지니어:0.0800 | 서버/백엔드:0.0500 | 게임 서버:0.0367 | 안드로이드:0.0300,0.1
OpenZeppelin/openzeppelin-contracts,https://github.com/OpenZeppelin/openzeppelin-contracts,블록체인,블록체인,faiss_only,0,0,0,SW/솔루션,SW/솔루션 | SW/솔루션 | 서버/백엔드 | 안드로이드 | 프론트엔드,0.8319 | 0.8262 | 0.8164 | 0.8132 | 0.8113,0.8319 | 0.8262 | 0.8164 | 0.8132 | 0.8113,"GitLab 솔루션 엔지니어 | L4-L7 스위치 가상화 솔루션 개발 경력 | 서버/백엔드 개발자 채용 (경력1년~4년) | SW 개발자 신입 [Android, C, C++, QT] | 프론트엔드 개발자",,,,,
OpenZeppelin/openzeppelin-contracts,https://github.com/OpenZeppelin/openzeppelin-contracts,블록체인,블록체인,domain_rerank,0,0,0,서버/백엔드,서버/백엔드 | 안드로이드 | 프론트엔드 | SW/솔루션 | SW/솔루션,0.8164 | 0.8132 | 0.8113 | 0.8319 | 0.8262,0.8664 | 0.8632 | 0.8613 | 0.8319 | 0.8262,"서버/백엔드 개발자 채용 (경력1년~4년) | SW 개발자 신입 [Android, C, C++, QT] | 프론트엔드 개발자 | GitLab 솔루션 엔지니어 | L4-L7 스위치 가상화 솔루션 개발 경력",게임 개발 | 웹 프론트엔드 | 블록체인 | 빅데이터 엔지니어 | 서버/백엔드 | ML/AI | 모바일 앱 | DevOps/인프라,0.05,,,
OpenZeppelin/openzeppelin-contracts,https://github.com/OpenZeppelin/openzeppelin-contracts,블록체인,블록체인,ai_classifier_rerank,0,0,0,SW/솔루션,SW/솔루션 | SW/솔루션 | 서버/백엔드 | 안드로이드 | 프론트엔드,0.8319 | 0.8262 | 0.8164 | 0.8132 | 0.8113,0.8319 | 0.8262 | 0.8181 | 0.8149 | 0.8123,"GitLab 솔루션 엔지니어 | L4-L7 스위치 가상화 솔루션 개발 경력 | 서버/백엔드 개발자 채용 (경력1년~4년) | SW 개발자 신입 [Android, C, C++, QT] | 프론트엔드 개발자",,,블록체인,블록체인:0.7833 | devops/시스템 엔지니어:0.0767 | 인공지능/머신러닝:0.0300 | 게임 서버:0.0200 | 서버/백엔드:0.0167,0.1
apache/spark,https://github.com/apache/spark,빅데이터 엔지니어,빅데이터 엔지니어,faiss_only,0,0,0,SW/솔루션,SW/솔루션 | SW/솔루션 | 서버/백엔드 | 서버/백엔드 | 서버/백엔드,0.8565 | 0.8546 | 0.8270 | 0.8270 | 0.8249,0.8565 | 0.8546 | 0.8270 | 0.8270 | 0.8249,L4-L7 스위치 가상화 솔루션 개발 경력 | GitLab 솔루션 엔지니어 | 백엔드 개발/서버 운영 (10년이상) | 경력 개발자(백엔드) 채용 | 백엔드 개발자 경력(3~5년),,,,,
apache/spark,https://github.com/apache/spark,빅데이터 엔지니어,빅데이터 엔지니어,domain_rerank,0,0,0,서버/백엔드,서버/백엔드 | 서버/백엔드 | 서버/백엔드 | SW/솔루션 | SW/솔루션,0.8270 | 0.8270 | 0.8249 | 0.8565 | 0.8546,0.8770 | 0.8770 | 0.8749 | 0.8565 | 0.8546,백엔드 개발/서버 운영 (10년이상) | 경력 개발자(백엔드) 채용 | 백엔드 개발자 경력(3~5년) | L4-L7 스위치 가상화 솔루션 개발 경력 | GitLab 솔루션 엔지니어,게임 개발 | 웹 프론트엔드 | 서버/백엔드 | ML/AI | DevOps/인프라 | 빅데이터 엔지니어 | 도구 개발,0.05,,,
apache/spark,https://github.com/apache/spark,빅데이터 엔지니어,빅데이터 엔지니어,ai_classifier_rerank,0,0,0,SW/솔루션,SW/솔루션 | SW/솔루션 | 서버/백엔드 | 서버/백엔드 | 서버/백엔드,0.8565 | 0.8546 | 0.8270 | 0.8270 | 0.8249,0.8565 | 0.8546 | 0.8350 | 0.8350 | 0.8329,L4-L7 스위치 가상화 솔루션 개발 경력 | GitLab 솔루션 엔지니어 | 백엔드 개발/서버 운영 (10년이상) | 경력 개발자(백엔드) 채용 | 백엔드 개발자 경력(3~5년),,,빅데이터 엔지니어,빅데이터 엔지니어:0.7233 | 서버/백엔드:0.0800 | 프론트엔드:0.0633 | devops/시스템 엔지니어:0.0567 | HW/임베디드:0.0267,0.1
apache/hadoop,https://github.com/apache/hadoop,빅데이터 엔지니어,빅데이터 엔지니어,faiss_only,0,0,0,SW/솔루션,SW/솔루션 | SW/솔루션 | devops/시스템 엔지니어 | SW/솔루션 | devops/시스템 엔지니어,0.8431 | 0.8283 | 0.8114 | 0.8039 | 0.8039,0.8431 | 0.8283 | 0.8114 | 0.8039 | 0.8039,GitLab 솔루션 엔지니어 | L4-L7 스위치 가상화 솔루션 개발 경력 | SRE/DevOps Engineer | 이리온 C++ 어플리케이션 개발자(서울) | [DC파트] 인프라 엔지니어 시스템 운영자,,,,,
apache/hadoop,https://github.com/apache/hadoop,빅데이터 엔지니어,빅데이터 엔지니어,domain_rerank,0,0,0,devops/시스템 엔지니어,devops/시스템 엔지니어 | devops/시스템 엔지니어 | SW/솔루션 | SW/솔루션 | SW/솔루션,0.8114 | 0.8039 | 0.8431 | 0.8283 | 0.8039,0.8614 | 0.8539 | 0.8431 | 0.8283 | 0.8039,SRE/DevOps Engineer | [DC파트] 인프라 엔지니어 시스템 운영자 | GitLab 솔루션 엔지니어 | L4-L7 스위치 가상화 솔루션 개발 경력 | 이리온 C++ 어플리케이션 개발자(서울),게임 개발 | 웹 프론트엔드 | 서버/백엔드 | ML/AI | 모바일 앱 | DevOps/인프라 | 블록체인 | 빅데이터 엔지니어 | 도구 개발,0.05,,,
apache/hadoop,https://github.com/apache/hadoop,빅데이터 엔지니어,빅데이터 엔지니어,ai_classifier_rerank,0,0,0,SW/솔루션,SW/솔루션 | SW/솔루션 | devops/시스템 엔지니어 | devops/시스템 엔지니어 | SW/솔루션,0.8431 | 0.8283 | 0.8114 | 0.8039 | 0.8039,0.8431 | 0.8283 | 0.8154 | 0.8079 | 0.8039,GitLab 솔루션 엔지니어 | L4-L7 스위치 가상화 솔루션 개발 경력 | SRE/DevOps Engineer | [DC파트] 인프라 엔지니어 시스템 운영자 | 이리온 C++ 어플리케이션 개발자(서울),,,게임 클라이언트,게임 클라이언트:0.2100 | 블록체인:0.1633 | HW/임베디드:0.1267 | 빅데이터 엔지니어:0.1067 | 프론트엔드:0.0767,0.1
apache/flink,https://github.com/apache/flink,빅데이터 엔지니어,빅데이터 엔지니어,faiss_only,0,0,0,SW/솔루션,SW/솔루션 | SW/솔루션 | SW/솔루션 | SW/솔루션 | SW/솔루션,0.8433 | 0.8315 | 0.8191 | 0.8186 | 0.8175,0.8433 | 0.8315 | 0.8191 | 0.8186 | 0.8175,GitLab 솔루션 엔지니어 | L4-L7 스위치 가상화 솔루션 개발 경력 | S/W 개발 (사원 ~ 선임) | MLOps Engineer | Linux System Engineer,,,,,
apache/flink,https://github.com/apache/flink,빅데이터 엔지니어,빅데이터 엔지니어,domain_rerank,0,0,0,SW/솔루션,SW/솔루션 | SW/솔루션 | SW/솔루션 | SW/솔루션 | SW/솔루션,0.8433 | 0.8315 | 0.8191 | 0.8186 | 0.8175,0.8433 | 0.8315 | 0.8191 | 0.8186 | 0.8175,GitLab 솔루션 엔지니어 | L4-L7 스위치 가상화 솔루션 개발 경력 | S/W 개발 (사원 ~ 선임) | MLOps Engineer | Linux System Engineer,게임 개발 | 웹 프론트엔드 | 서버/백엔드 | ML/AI | DevOps/인프라 | 블록체인 | 빅데이터 엔지니어 | 도구 개발 | 모바일 앱,0.05,,,
apache/flink,https://github.com/apache/flink,빅데이터 엔지니어,빅데이터 엔지니어,ai_classifier_rerank,0,0,0,SW/솔루션,SW/솔루션 | SW/솔루션 | SW/솔루션 | SW/솔루션 | SW/솔루션,0.8433 | 0.8315 | 0.8191 | 0.8186 | 0.8175,0.8433 | 0.8315 | 0.8191 | 0.8186 | 0.8175,GitLab 솔루션 엔지니어 | L4-L7 스위치 가상화 솔루션 개발 경력 | S/W 개발 (사원 ~ 선임) | MLOps Engineer | Linux System Engineer,,,빅데이터 엔지니어,빅데이터 엔지니어:0.7000 | 인공지능/머신러닝:0.0967 | devops/시스템 엔지니어:0.0800 | 서버/백엔드:0.0367 | 블록체인:0.0233,0.1
apache/airflow,https://github.com/apache/airflow,빅데이터 엔지니어,빅데이터 엔지니어,faiss_only,0,0,0,SW/솔루션,SW/솔루션 | SW/솔루션 | SW/솔루션 | devops/시스템 엔지니어 | iOS,0.8412 | 0.8231 | 0.8137 | 0.8120 | 0.8104,0.8412 | 0.8231 | 0.8137 | 0.8120 | 0.8104,GitLab 솔루션 엔지니어 | L4-L7 스위치 가상화 솔루션 개발 경력 | Linux System Engineer | 네트워크 제어/관리 시스템 개발 | ADC(L4-L7 스위치) 애플리케이션 개발,,,,,
apache/airflow,https://github.com/apache/airflow,빅데이터 엔지니어,빅데이터 엔지니어,domain_rerank,0,0,0,devops/시스템 엔지니어,devops/시스템 엔지니어 | iOS | SW/솔루션 | SW/솔루션 | SW/솔루션,0.8120 | 0.8104 | 0.8412 | 0.8231 | 0.8137,0.8620 | 0.8604 | 0.8412 | 0.8231 | 0.8137,네트워크 제어/관리 시스템 개발 | ADC(L4-L7 스위치) 애플리케이션 개발 | GitLab 솔루션 엔지니어 | L4-L7 스위치 가상화 솔루션 개발 경력 | Linux System Engineer,게임 개발 | 웹 프론트엔드 | 서버/백엔드 | ML/AI | DevOps/인프라 | 블록체인 | 빅데이터 엔지니어 | 도구 개발 | 모바일 앱,0.05,,,
apache/airflow,https://github.com/apache/airflow,빅데이터 엔지니어,빅데이터 엔지니어,ai_classifier_rerank,0,0,0,SW/솔루션,SW/솔루션 | SW/솔루션 | devops/시스템 엔지니어 | SW/솔루션 | iOS,0.8412 | 0.8231 | 0.8120 | 0.8137 | 0.8104,0.8412 | 0.8231 | 0.8197 | 0.8137 | 0.8121,GitLab 솔루션 엔지니어 | L4-L7 스위치 가상화 솔루션 개발 경력 | 네트워크 제어/관리 시스템 개발 | Linux System Engineer | ADC(L4-L7 스위치) 애플리케이션 개발,,,빅데이터 엔지니어,빅데이터 엔지니어:0.5800 | 인공지능/머신러닝:0.2000 | devops/시스템 엔지니어:0.0767 | 서버/백엔드:0.0600 | iOS:0.0167,0.1
trinodb/trino,https://github.com/trinodb/trino,빅데이터 엔지니어,빅데이터 엔지니어,faiss_only,0,0,0,SW/솔루션,SW/솔루션 | SW/솔루션 | devops/시스템 엔지니어 | SW/솔루션 | SW/솔루션,0.8470 | 0.8380 | 0.8308 | 0.8210 | 0.8182,0.8470 | 0.8380 | 0.8308 | 0.8210 | 0.8182,GitLab 솔루션 엔지니어 | L4-L7 스위치 가상화 솔루션 개발 경력 | SRE/DevOps Engineer | 이리온 C++ 어플리케이션 개발자(서울) | Linux System Engineer,,,,,
trinodb/trino,https://github.com/trinodb/trino,빅데이터 엔지니어,빅데이터 엔지니어,domain_rerank,0,0,0,devops/시스템 엔지니어,devops/시스템 엔지니어 | SW/솔루션 | SW/솔루션 | SW/솔루션 | SW/솔루션,0.8308 | 0.8470 | 0.8380 | 0.8210 | 0.8182,0.8808 | 0.8470 | 0.8380 | 0.8210 | 0.8182,SRE/DevOps Engineer | GitLab 솔루션 엔지니어 | L4-L7 스위치 가상화 솔루션 개발 경력 | 이리온 C++ 어플리케이션 개발자(서울) | Linux System Engineer,게임 개발 | 웹 프론트엔드 | 서버/백엔드 | ML/AI | DevOps/인프라 | 블록체인 | 빅데이터 엔지니어 | 모바일 앱,0.05,,,
trinodb/trino,https://github.com/trinodb/trino,빅데이터 엔지니어,빅데이터 엔지니어,ai_classifier_rerank,0,0,0,SW/솔루션,SW/솔루션 | devops/시스템 엔지니어 | SW/솔루션 | SW/솔루션 | SW/솔루션,0.8470 | 0.8308 | 0.8380 | 0.8210 | 0.8182,0.8470 | 0.8438 | 0.8380 | 0.8210 | 0.8182,GitLab 솔루션 엔지니어 | SRE/DevOps Engineer | L4-L7 스위치 가상화 솔루션 개발 경력 | 이리온 C++ 어플리케이션 개발자(서울) | Linux System Engineer,,,빅데이터 엔지니어,빅데이터 엔지니어:0.4600 | 인공지능/머신러닝:0.1967 | devops/시스템 엔지니어:0.1300 | 서버/백엔드:0.0567 | 블록체인:0.0433,0.1
prestodb/presto,https://github.com/prestodb/presto,빅데이터 엔지니어,빅데이터 엔지니어,faiss_only,0,0,0,SW/솔루션,SW/솔루션 | SW/솔루션 | 서버/백엔드 | 프론트엔드 | 서버/백엔드,0.8541 | 0.8433 | 0.8263 | 0.8223 | 0.8215,0.8541 | 0.8433 | 0.8263 | 0.8223 | 0.8215,L4-L7 스위치 가상화 솔루션 개발 경력 | GitLab 솔루션 엔지니어 | 백엔드 개발/서버 운영 (10년이상) | 프론트엔드 개발자 | 경력 개발자(백엔드) 채용,,,,,
prestodb/presto,https://github.com/prestodb/presto,빅데이터 엔지니어,빅데이터 엔지니어,domain_rerank,0,0,0,서버/백엔드,서버/백엔드 | 프론트엔드 | 서버/백엔드 | SW/솔루션 | SW/솔루션,0.8263 | 0.8223 | 0.8215 | 0.8541 | 0.8433,0.8763 | 0.8723 | 0.8715 | 0.8541 | 0.8433,백엔드 개발/서버 운영 (10년이상) | 프론트엔드 개발자 | 경력 개발자(백엔드) 채용 | L4-L7 스위치 가상화 솔루션 개발 경력 | GitLab 솔루션 엔지니어,게임 개발 | 웹 프론트엔드 | 서버/백엔드 | ML/AI | DevOps/인프라 | 블록체인 | 빅데이터 엔지니어 | 모바일 앱,0.05,,,
prestodb/presto,https://github.com/prestodb/presto,빅데이터 엔지니어,빅데이터 엔지니어,ai_classifier_rerank,0,0,0,SW/솔루션,SW/솔루션 | SW/솔루션 | 서버/백엔드 | 서버/백엔드 | 프론트엔드,0.8541 | 0.8433 | 0.8263 | 0.8215 | 0.8223,0.8541 | 0.8433 | 0.8373 | 0.8325 | 0.8229,L4-L7 스위치 가상화 솔루션 개발 경력 | GitLab 솔루션 엔지니어 | 백엔드 개발/서버 운영 (10년이상) | 경력 개발자(백엔드) 채용 | 프론트엔드 개발자,,,빅데이터 엔지니어,빅데이터 엔지니어:0.6400 | 서버/백엔드:0.1100 | 블록체인:0.1067 | HW/임베디드:0.0700 | devops/시스템 엔지니어:0.0200,0.1
delta-io/delta,https://github.com/delta-io/delta,빅데이터 엔지니어,빅데이터 엔지니어,faiss_only,0,0,0,SW/솔루션,SW/솔루션 | SW/솔루션 | devops/시스템 엔지니어 | SW/솔루션 | 서버/백엔드,0.8480 | 0.8331 | 0.8199 | 0.8173 | 0.8077,0.8480 | 0.8331 | 0.8199 | 0.8173 | 0.8077,L4-L7 스위치 가상화 솔루션 개발 경력 | GitLab 솔루션 엔지니어 | 개발자(devops/시스템엔지니어) 채용 (경력1년~4년) | 이리온 C++ 어플리케이션 개발자(서울) | 서버/백엔드 개발자 채용 (경력1년~4년),,,,,
delta-io/delta,https://github.com/delta-io/delta,빅데이터 엔지니어,빅데이터 엔지니어,domain_rerank,0,0,0,devops/시스템 엔지니어,devops/시스템 엔지니어 | 서버/백엔드 | SW/솔루션 | SW/솔루션 | SW/솔루션,0.8199 | 0.8077 | 0.8480 | 0.8331 | 0.8173,0.8699 | 0.8577 | 0.8480 | 0.8331 | 0.8173,개발자(devops/시스템엔지니어) 채용 (경력1년~4년) | 서버/백엔드 개발자 채용 (경력1년~4년) | L4-L7 스위치 가상화 솔루션 개발 경력 | GitLab 솔루션 엔지니어 | 이리온 C++ 어플리케이션 개발자(서울),게임 개발 | 웹 프론트엔드 | 서버/백엔드 | ML/AI | DevOps/인프라 | 빅데이터 엔지니어 | 모바일 앱,0.05,,,
delta-io/delta,https://github.com/delta-io/delta,빅데이터 엔지니어,빅데이터 엔지니어,ai_classifier_rerank,0,0,0,SW/솔루션,SW/솔루션 | SW/솔루션 | devops/시스템 엔지니어 | SW/솔루션 | 서버/백엔드,0.8480 | 0.8331 | 0.8199 | 0.8173 | 0.8077,0.8480 | 0.8331 | 0.8286 | 0.8173 | 0.8130,L4-L7 스위치 가상화 솔루션 개발 경력 | GitLab 솔루션 엔지니어 | 개발자(devops/시스템엔지니어) 채용 (경력1년~4년) | 이리온 C++ 어플리케이션 개발자(서울) | 서버/백엔드 개발자 채용 (경력1년~4년),,,빅데이터 엔지니어,빅데이터 엔지니어:0.6533 | devops/시스템 엔지니어:0.0867 | 게임 서버:0.0600 | 서버/백엔드:0.0533 | HW/임베디드:0.0433,0.1
dbt-labs/dbt-core,https://github.com/dbt-labs/dbt-core,빅데이터 엔지니어,빅데이터 엔지니어,faiss_only,0,0,0,SW/솔루션,SW/솔루션 | SW/솔루션 | devops/시스템 엔지니어 | 서버/백엔드 | SW/솔루션,0.8448 | 0.8416 | 0.8173 | 0.8128 | 0.8123,0.8448 | 0.8416 | 0.8173 | 0.8128 | 0.8123,L4-L7 스위치 가상화 솔루션 개발 경력 | GitLab 솔루션 엔지니어 | SRE/DevOps Engineer | 백엔드 개발자 경력(3~5년) | S/W 개발 (사원 ~ 선임),,,,,
dbt-labs/dbt-core,https://github.com/dbt-labs/dbt-core,빅데이터 엔지니어,빅데이터 엔지니어,domain_rerank,0,0,0,서버/백엔드,서버/백엔드 | SW/솔루션 | SW/솔루션 | devops/시스템 엔지니어 | SW/솔루션,0.8128 | 0.8448 | 0.8416 | 0.8173 | 0.8123,0.8628 | 0.8448 | 0.8416 | 0.8173 | 0.8123,백엔드 개발자 경력(3~5년) | L4-L7 스위치 가상화 솔루션 개발 경력 | GitLab 솔루션 엔지니어 | SRE/DevOps Engineer | S/W 개발 (사원 ~ 선임),게임 개발 | 웹 프론트엔드 | 서버/백엔드 | ML/AI | 빅데이터 엔지니어 | 모바일 앱,0.05,,,
dbt-labs/dbt-core,https://github.com/dbt-labs/dbt-core,빅데이터 엔지니어,빅데이터 엔지니어,ai_classifier_rerank,0,0,0,SW/솔루션,SW/솔루션 | SW/솔루션 | devops/시스템 엔지니어 | 서버/백엔드 | SW/솔루션,0.8448 | 0.8416 | 0.8173 | 0.8128 | 0.8123,0.8448 | 0.8416 | 0.8247 | 0.8168 | 0.8123,L4-L7 스위치 가상화 솔루션 개발 경력 | GitLab 솔루션 엔지니어 | SRE/DevOps Engineer | 백엔드 개발자 경력(3~5년) | S/W 개발 (사원 ~ 선임),,,빅데이터 엔지니어,빅데이터 엔지니어:0.5867 | 웹 풀스택:0.1414 | devops/시스템 엔지니어:0.0733 | 블록체인:0.0400 | 서버/백엔드:0.0400,0.1
apache/kafka,https://github.com/apache/kafka,빅데이터 엔지니어,빅데이터 엔지니어,faiss_only,0,0,0,SW/솔루션,SW/솔루션 | SW/솔루션 | SW/솔루션 | devops/시스템 엔지니어 | SW/솔루션,0.8491 | 0.8327 | 0.8254 | 0.8230 | 0.8158,0.8491 | 0.8327 | 0.8254 | 0.8230 | 0.8158,GitLab 솔루션 엔지니어 | L4-L7 스위치 가상화 솔루션 개발 경력 | MLOps Engineer | SRE/DevOps Engineer | Data Engineer,,,,,
apache/kafka,https://github.com/apache/kafka,빅데이터 엔지니어,빅데이터 엔지니어,domain_rerank,0,0,0,devops/시스템 엔지니어,devops/시스템 엔지니어 | SW/솔루션 | SW/솔루션 | SW/솔루션 | SW/솔루션,0.8230 | 0.8491 | 0.8327 | 0.8254 | 0.8158,0.8730 | 0.8491 | 0.8327 | 0.8254 | 0.8158,SRE/DevOps Engineer | GitLab 솔루션 엔지니어 | L4-L7 스위치 가상화 솔루션 개발 경력 | MLOps Engineer | Data Engineer,게임 개발 | 웹 프론트엔드 | 서버/백엔드 | ML/AI | 빅데이터 엔지니어 | 모바일 앱 | DevOps/인프라 | 블록체인,0.05,,,
apache/kafka,https://github.com/apache/kafka,빅데이터 엔지니어,빅데이터 엔지니어,ai_classifier_rerank,0,0,0,SW/솔루션,SW/솔루션 | devops/시스템 엔지니어 | SW/솔루션 | SW/솔루션 | SW/솔루션,0.8491 | 0.8230 | 0.8327 | 0.8254 | 0.8158,0.8491 | 0.8400 | 0.8327 | 0.8254 | 0.8158,GitLab 솔루션 엔지니어 | SRE/DevOps Engineer | L4-L7 스위치 가상화 솔루션 개발 경력 | MLOps Engineer | Data Engineer,,,서버/백엔드,서버/백엔드:0.2400 | 빅데이터 엔지니어:0.2333 | devops/시스템 엔지니어:0.1700 | 웹 풀스택:0.1073 | 크로스플랫폼 앱:0.0700,0.1
apache/druid,https://github.com/apache/druid,빅데이터 엔지니어,빅데이터 엔지니어,faiss_only,0,0,0,SW/솔루션,SW/솔루션 | SW/솔루션 | devops/시스템 엔지니어 | devops/시스템 엔지니어 | SW/솔루션,0.8477 | 0.8374 | 0.8216 | 0.8136 | 0.8117,0.8477 | 0.8374 | 0.8216 | 0.8136 | 0.8117,GitLab 솔루션 엔지니어 | L4-L7 스위치 가상화 솔루션 개발 경력 | SRE/DevOps Engineer | [DC파트] 인프라 엔지니어 시스템 운영자 | S/W 개발 (사원 ~ 선임),,,,,
apache/druid,https://github.com/apache/druid,빅데이터 엔지니어,빅데이터 엔지니어,domain_rerank,0,0,0,devops/시스템 엔지니어,devops/시스템 엔지니어 | devops/시스템 엔지니어 | SW/솔루션 | SW/솔루션 | SW/솔루션,0.8216 | 0.8136 | 0.8477 | 0.8374 | 0.8117,0.8716 | 0.8636 | 0.8477 | 0.8374 | 0.8117,SRE/DevOps Engineer | [DC파트] 인프라 엔지니어 시스템 운영자 | GitLab 솔루션 엔지니어 | L4-L7 스위치 가상화 솔루션 개발 경력 | S/W 개발 (사원 ~ 선임),게임 개발 | 웹 프론트엔드 | 서버/백엔드 | ML/AI | 모바일 앱 | DevOps/인프라 | 빅데이터 엔지니어 | 도구 개발,0.05,,,
apache/druid,https://github.com/apache/druid,빅데이터 엔지니어,빅데이터 엔지니어,ai_classifier_rerank,0,0,0,SW/솔루션,SW/솔루션 | SW/솔루션 | devops/시스템 엔지니어 | devops/시스템 엔지니어 | SW/솔루션,0.8477 | 0.8374 | 0.8216 | 0.8136 | 0.8117,0.8477 | 0.8374 | 0.8263 | 0.8183 | 0.8117,GitLab 솔루션 엔지니어 | L4-L7 스위치 가상화 솔루션 개발 경력 | SRE/DevOps Engineer | [DC파트] 인프라 엔지니어 시스템 운영자 | S/W 개발 (사원 ~ 선임),,,웹 풀스택,웹 풀스택:0.3681 | 빅데이터 엔지니어:0.2767 | 블록체인:0.1033 | HW/임베디드:0.0767 | 서버/백엔드:0.0700,0.1
flutter/flutter,https://github.com/flutter/flutter,크로스플랫폼 앱,크로스플랫폼 앱,faiss_only,0,0,0,SW/솔루션,SW/솔루션 | SW/솔루션 | iOS | SW/솔루션 | SW/솔루션,0.8375 | 0.8290 | 0.8235 | 0.8224 | 0.8220,0.8375 | 0.8290 | 0.8235 | 0.8224 | 0.8220,L4-L7 스위치 가상화 솔루션 개발 경력 | GitLab 솔루션 엔지니어 | ADC(L4-L7 스위치) 애플리케이션 개발 | S/W 개발 (사원 ~ 선임) | 이리온 C++ 어플리케이션 개발자(서울),,,,,
flutter/flutter,https://github.com/flutter/flutter,크로스플랫폼 앱,크로스플랫폼 앱,domain_rerank,0,0,0,iOS,iOS | SW/솔루션 | SW/솔루션 | SW/솔루션 | SW/솔루션,0.8235 | 0.8375 | 0.8290 | 0.8224 | 0.8220,0.8735 | 0.8375 | 0.8290 | 0.8224 | 0.8220,ADC(L4-L7 스위치) 애플리케이션 개발 | L4-L7 스위치 가상화 솔루션 개발 경력 | GitLab 솔루션 엔지니어 | S/W 개발 (사원 ~ 선임) | 이리온 C++ 어플리케이션 개발자(서울),게임 개발 | 웹 프론트엔드 | 서버/백엔드 | ML/AI | 모바일 앱 | DevOps/인프라 | 빅데이터 엔지니어 | 도구 개발,0.05,,,
flutter/flutter,https://github.com/flutter/flutter,크로스플랫폼 앱,크로스플랫폼 앱,ai_classifier_rerank,0,0,0,SW/솔루션,SW/솔루션 | iOS | SW/솔루션 | SW/솔루션 | SW/솔루션,0.8375 | 0.8235 | 0.8290 | 0.8224 | 0.8220,0.8375 | 0.8321 | 0.8290 | 0.8224 | 0.8220,L4-L7 스위치 가상화 솔루션 개발 경력 | ADC(L4-L7 스위치) 애플리케이션 개발 | GitLab 솔루션 엔지니어 | S/W 개발 (사원 ~ 선임) | 이리온 C++ 어플리케이션 개발자(서울),,,크로스플랫폼 앱,크로스플랫폼 앱:0.4433 | 인공지능/머신러닝:0.1067 | 빅데이터 엔지니어:0.0967 | iOS:0.0867 | 서버/백엔드:0.0867,0.1
facebook/react-native,https://github.com/facebook/react-native,크로스플랫폼 앱,크로스플랫폼 앱,faiss_only,0,0,0,SW/솔루션,SW/솔루션 | 프론트엔드 | 프론트엔드 | 프론트엔드 | SW/솔루션,0.8269 | 0.8189 | 0.8187 | 0.8164 | 0.8147,0.8269 | 0.8189 | 0.8187 | 0.8164 | 0.8147,L4-L7 스위치 가상화 솔루션 개발 경력 | 프론트엔드 개발자 | 프론트엔드 개발자 | [경력] 프론트엔드 개발자 | GitLab 솔루션 엔지니어,,,,,
facebook/react-native,https://github.com/facebook/react-native,크로스플랫폼 앱,크로스플랫폼 앱,domain_rerank,0,0,0,프론트엔드,프론트엔드 | 프론트엔드 | 프론트엔드 | SW/솔루션 | SW/솔루션,0.8189 | 0.8187 | 0.8164 | 0.8269 | 0.8147,0.8689 | 0.8687 | 0.8664 | 0.8269 | 0.8147,프론트엔드 개발자 | 프론트엔드 개발자 | [경력] 프론트엔드 개발자 | L4-L7 스위치 가상화 솔루션 개발 경력 | GitLab 솔루션 엔지니어,게임 개발 | 웹 프론트엔드 | 서버/백엔드 | ML/AI | 모바일 앱 | 블록체인 | 빅데이터 엔지니어,0.05,,,
facebook/react-native,https://github.com/facebook/react-native,크로스플랫폼 앱,크로스플랫폼 앱,ai_classifier_rerank,0,0,0,SW/솔루션,SW/솔루션 | 프론트엔드 | 프론트엔드 | 프론트엔드 | SW/솔루션,0.8269 | 0.8189 | 0.8187 | 0.8164 | 0.8147,0.8269 | 0.8265 | 0.8263 | 0.8241 | 0.8147,L4-L7 스위치 가상화 솔루션 개발 경력 | 프론트엔드 개발자 | 프론트엔드 개발자 | [경력] 프론트엔드 개발자 | GitLab 솔루션 엔지니어,,,크로스플랫폼 앱,크로스플랫폼 앱:0.3267 | iOS:0.1900 | devops/시스템 엔지니어:0.1167 | HW/임베디드:0.0767 | 프론트엔드:0.0767,0.1
dotnet/maui,https://github.com/dotnet/maui,크로스플랫폼 앱,크로스플랫폼 앱,faiss_only,0,0,0,SW/솔루션,SW/솔루션 | SW/솔루션 | SW/솔루션 | SW/솔루션 | 프론트엔드,0.8503 | 0.8440 | 0.8260 | 0.8234 | 0.8227,0.8503 | 0.8440 | 0.8260 | 0.8234 | 0.8227,L4-L7 스위치 가상화 솔루션 개발 경력 | GitLab 솔루션 엔지니어 | S/W 개발 (사원 ~ 선임) | 이리온 C++ 어플리케이션 개발자(서울) | 프론트엔드 개발자,,,,,
dotnet/maui,https://github.com/dotnet/maui,크로스플랫폼 앱,크로스플랫폼 앱,domain_rerank,0,0,0,프론트엔드,프론트엔드 | SW/솔루션 | SW/솔루션 | SW/솔루션 | SW/솔루션,0.8227 | 0.8503 | 0.8440 | 0.8260 | 0.8234,0.8727 | 0.8503 | 0.8440 | 0.8260 | 0.8234,프론트엔드 개발자 | L4-L7 스위치 가상화 솔루션 개발 경력 | GitLab 솔루션 엔지니어 | S/W 개발 (사원 ~ 선임) | 이리온 C++ 어플리케이션 개발자(서울),게임 개발 | 웹 프론트엔드 | 서버/백엔드 | ML/AI | 모바일 앱 | DevOps/인프라 | 빅데이터 엔지니어 | 도구 개발,0.05,,,
dotnet/maui,https://github.com/dotnet/maui,크로스플랫폼 앱,크로스플랫폼 앱,ai_classifier_rerank,0,0,0,SW/솔루션,SW/솔루션 | SW/솔루션 | SW/솔루션 | 프론트엔드 | SW/솔루션,0.8503 | 0.8440 | 0.8260 | 0.8227 | 0.8234,0.8503 | 0.8440 | 0.8260 | 0.8240 | 0.8234,L4-L7 스위치 가상화 솔루션 개발 경력 | GitLab 솔루션 엔지니어 | S/W 개발 (사원 ~ 선임) | 프론트엔드 개발자 | 이리온 C++ 어플리케이션 개발자(서울),,,크로스플랫폼 앱,크로스플랫폼 앱:0.6267 | iOS:0.1133 | 빅데이터 엔지니어:0.0867 | 서버/백엔드:0.0733 | devops/시스템 엔지니어:0.0233,0.1
ionic-team/ionic-framework,https://github.com/ionic-team/ionic-framework,크로스플랫폼 앱,크로스플랫폼 앱,faiss_only,0,0,0,프론트엔드,프론트엔드 | SW/솔루션 | SW/솔루션 | 프론트엔드 | 프론트엔드,0.7885 | 0.7866 | 0.7824 | 0.7785 | 0.7760,0.7885 | 0.7866 | 0.7824 | 0.7785 | 0.7760,프론트엔드 개발자 | L4-L7 스위치 가상화 솔루션 개발 경력 | GitLab 솔루션 엔지니어 | 프론트엔드 개발자 | [경력] 프론트엔드 개발자,,,,,
ionic-team/ionic-framework,https://github.com/ionic-team/ionic-framework,크로스플랫폼 앱,크로스플랫폼 앱,domain_rerank,0,0,0,프론트엔드,프론트엔드 | 프론트엔드 | 프론트엔드 | SW/솔루션 | SW/솔루션,0.7885 | 0.7785 | 0.7760 | 0.7866 | 0.7824,0.8385 | 0.8285 | 0.8260 | 0.7866 | 0.7824,프론트엔드 개발자 | 프론트엔드 개발자 | [경력] 프론트엔드 개발자 | L4-L7 스위치 가상화 솔루션 개발 경력 | GitLab 솔루션 엔지니어,웹 프론트엔드 | 서버/백엔드 | 모바일 앱 | 도구 개발 | 게임 개발 | ML/AI,0.05,,,
ionic-team/ionic-framework,https://github.com/ionic-team/ionic-framework,크로스플랫폼 앱,크로스플랫폼 앱,ai_classifier_rerank,0,0,0,프론트엔드,프론트엔드 | 프론트엔드 | 프론트엔드 | SW/솔루션 | SW/솔루션,0.7885 | 0.7785 | 0.7760 | 0.7866 | 0.7824,0.8009 | 0.7909 | 0.7884 | 0.7866 | 0.7824,프론트엔드 개발자 | 프론트엔드 개발자 | [경력] 프론트엔드 개발자 | L4-L7 스위치 가상화 솔루션 개발 경력 | GitLab 솔루션 엔지니어,,,서버/백엔드,서버/백엔드:0.2033 | devops/시스템 엔지니어:0.1733 | HW/임베디드:0.1367 | 프론트엔드:0.1233 | 인공지능/머신러닝:0.0600,0.1
tauri-apps/tauri,https://github.com/tauri-apps/tauri,크로스플랫폼 앱,크로스플랫폼 앱,faiss_only,0,0,0,SW/솔루션,SW/솔루션 | SW/솔루션 | 서버/백엔드 | 서버/백엔드 | 프론트엔드,0.8279 | 0.8272 | 0.8089 | 0.8077 | 0.8073,0.8279 | 0.8272 | 0.8089 | 0.8077 | 0.8073,L4-L7 스위치 가상화 솔루션 개발 경력 | GitLab 솔루션 엔지니어 | 경력 개발자(백엔드) 채용 | 서버/백엔드 개발자 채용 (경력1년~4년) | 프론트엔드 개발자,,,,,
tauri-apps/tauri,https://github.com/tauri-apps/tauri,크로스플랫폼 앱,크로스플랫폼 앱,domain_rerank,0,0,0,서버/백엔드,서버/백엔드 | 서버/백엔드 | 프론트엔드 | SW/솔루션 | SW/솔루션,0.8089 | 0.8077 | 0.8073 | 0.8279 | 0.8272,0.8589 | 0.8577 | 0.8573 | 0.8279 | 0.8272,경력 개발자(백엔드) 채용 | 서버/백엔드 개발자 채용 (경력1년~4년) | 프론트엔드 개발자 | L4-L7 스위치 가상화 솔루션 개발 경력 | GitLab 솔루션 엔지니어,웹 프론트엔드 | 서버/백엔드 | 모바일 앱 | 도구 개발 | 게임 개발 | ML/AI,0.05,,,
tauri-apps/tauri,https://github.com/tauri-apps/tauri,크로스플랫폼 앱,크로스플랫폼 앱,ai_classifier_rerank,0,0,0,SW/솔루션,SW/솔루션 | SW/솔루션 | 서버/백엔드 | 서버/백엔드 | 프론트엔드,0.8279 | 0.8272 | 0.8089 | 0.8077 | 0.8073,0.8279 | 0.8272 | 0.8109 | 0.8097 | 0.8093,L4-L7 스위치 가상화 솔루션 개발 경력 | GitLab 솔루션 엔지니어 | 경력 개발자(백엔드) 채용 | 서버/백엔드 개발자 채용 (경력1년~4년) | 프론트엔드 개발자,,,크로스플랫폼 앱,크로스플랫폼 앱:0.6667 | 게임 클라이언트:0.0700 | 게임 서버:0.0633 | 웹 풀스택:0.0433 | HW/임베디드:0.0300,0.1
electron/electron,https://github.com/electron/electron,크로스플랫폼 앱,크로스플랫폼 앱,faiss_only,0,0,0,SW/솔루션,SW/솔루션 | SW/솔루션 | devops/시스템 엔지니어 | devops/시스템 엔지니어 | devops/시스템 엔지니어,0.8010 | 0.7836 | 0.7825 | 0.7770 | 0.7764,0.8010 | 0.7836 | 0.7825 | 0.7770 | 0.7764,GitLab 솔루션 엔지니어 | L4-L7 스위치 가상화 솔루션 개발 경력 | 스타트투데이 데브옵스(DevOps) 엔지니어 | DevOps Engineer(5년 이상) | 개발자(devops/시스템엔지니어) 채용 (경력1년~4년),,,,,
electron/electron,https://github.com/electron/electron,크로스플랫폼 앱,크로스플랫폼 앱,domain_rerank,0,0,0,devops/시스템 엔지니어,devops/시스템 엔지니어 | devops/시스템 엔지니어 | devops/시스템 엔지니어 | SW/솔루션 | SW/솔루션,0.7825 | 0.7770 | 0.7764 | 0.8010 | 0.7836,0.8325 | 0.8270 | 0.8264 | 0.8010 | 0.7836,스타트투데이 데브옵스(DevOps) 엔지니어 | DevOps Engineer(5년 이상) | 개발자(devops/시스템엔지니어) 채용 (경력1년~4년) | GitLab 솔루션 엔지니어 | L4-L7 스위치 가상화 솔루션 개발 경력,게임 개발 | 웹 프론트엔드 | 서버/백엔드 | ML/AI | 모바일 앱 | DevOps/인프라 | 빅데이터 엔지니어 | 도구 개발,0.05,,,
electron/electron,https://github.com/electron/electron,크로스플랫폼 앱,크로스플랫폼 앱,ai_classifier_rerank,0,0,0,SW/솔루션,SW/솔루션 | SW/솔루션 | devops/시스템 엔지니어 | devops/시스템 엔지니어 | devops/시스템 엔지니어,0.8010 | 0.7836 | 0.7825 | 0.7770 | 0.7764,0.8010 | 0.7836 | 0.7828 | 0.7774 | 0.7768,GitLab 솔루션 엔지니어 | L4-L7 스위치 가상화 솔루션 개발 경력 | 스타트투데이 데브옵스(DevOps) 엔지니어 | DevOps Engineer(5년 이상) | 개발자(devops/시스템엔지니어) 채용 (경력1년~4년),,,크로스플랫폼 앱,크로스플랫폼 앱:0.6200 | HW/임베디드:0.1500 | 인공지능/머신러닝:0.0600 | 블록체인:0.0433 | 게임 클라이언트:0.0300,0.1
appium/appium,https://github.com/appium/appium,크로스플랫폼 앱,크로스플랫폼 앱,faiss_only,0,0,0,SW/솔루션,SW/솔루션 | SW/솔루션 | SW/솔루션 | iOS | SW/솔루션,0.8168 | 0.8124 | 0.8105 | 0.7958 | 0.7923,0.8168 | 0.8124 | 0.8105 | 0.7958 | 0.7923,L4-L7 스위치 가상화 솔루션 개발 경력 | 이리온 C++ 어플리케이션 개발자(서울) | GitLab 솔루션 엔지니어 | ADC(L4-L7 스위치) 애플리케이션 개발 | S/W 개발 (사원 ~ 선임),,,,,
appium/appium,https://github.com/appium/appium,크로스플랫폼 앱,크로스플랫폼 앱,domain_rerank,0,0,0,iOS,iOS | SW/솔루션 | SW/솔루션 | SW/솔루션 | SW/솔루션,0.7958 | 0.8168 | 0.8124 | 0.8105 | 0.7923,0.8458 | 0.8168 | 0.8124 | 0.8105 | 0.7923,ADC(L4-L7 스위치) 애플리케이션 개발 | L4-L7 스위치 가상화 솔루션 개발 경력 | 이리온 C++ 어플리케이션 개발자(서울) | GitLab 솔루션 엔지니어 | S/W 개발 (사원 ~ 선임),웹 프론트엔드 | 서버/백엔드 | ML/AI | 도구 개발 | 모바일 앱,0.05,,,
appium/appium,https://github.com/appium/appium,크로스플랫폼 앱,크로스플랫폼 앱,ai_classifier_rerank,0,0,0,SW/솔루션,SW/솔루션 | SW/솔루션 | SW/솔루션 | iOS | SW/솔루션,0.8168 | 0.8124 | 0.8105 | 0.7958 | 0.7923,0.8168 | 0.8124 | 0.8105 | 0.8038 | 0.7923,L4-L7 스위치 가상화 솔루션 개발 경력 | 이리온 C++ 어플리케이션 개발자(서울) | GitLab 솔루션 엔지니어 | ADC(L4-L7 스위치) 애플리케이션 개발 | S/W 개발 (사원 ~ 선임),,,크로스플랫폼 앱,크로스플랫폼 앱:0.7133 | iOS:0.0800 | 안드로이드:0.0567 | 게임 서버:0.0533 | 서버/백엔드:0.0400,0.1
nativescript/nativescript,https://github.com/nativescript/nativescript,크로스플랫폼 앱,크로스플랫폼 앱,faiss_only,0,0,0,SW/솔루션,SW/솔루션 | SW/솔루션 | 안드로이드 | SW/솔루션 | SW/솔루션,0.8249 | 0.8200 | 0.8131 | 0.8106 | 0.8074,0.8249 | 0.8200 | 0.8131 | 0.8106 | 0.8074,"L4-L7 스위치 가상화 솔루션 개발 경력 | GitLab 솔루션 엔지니어 | SW 개발자 신입 [Android, C, C++, QT] | S/W 개발 (사원 ~ 선임) | Linux System Engineer",,,,,
nativescript/nativescript,https://github.com/nativescript/nativescript,크로스플랫폼 앱,크로스플랫폼 앱,domain_rerank,0,0,0,안드로이드,안드로이드 | SW/솔루션 | SW/솔루션 | SW/솔루션 | SW/솔루션,0.8131 | 0.8249 | 0.8200 | 0.8106 | 0.8074,0.8631 | 0.8249 | 0.8200 | 0.8106 | 0.8074,"SW 개발자 신입 [Android, C, C++, QT] | L4-L7 스위치 가상화 솔루션 개발 경력 | GitLab 솔루션 엔지니어 | S/W 개발 (사원 ~ 선임) | Linux System Engineer",게임 개발 | 웹 프론트엔드 | 서버/백엔드 | ML/AI | 모바일 앱 | 도구 개발 | DevOps/인프라,0.05,,,
nativescript/nativescript,https://github.com/nativescript/nativescript,크로스플랫폼 앱,크로스플랫폼 앱,ai_classifier_rerank,0,0,0,SW/솔루션,SW/솔루션 | SW/솔루션 | 안드로이드 | SW/솔루션 | SW/솔루션,0.8249 | 0.8200 | 0.8131 | 0.8106 | 0.8074,0.8249 | 0.8200 | 0.8145 | 0.8106 | 0.8074,"L4-L7 스위치 가상화 솔루션 개발 경력 | GitLab 솔루션 엔지니어 | SW 개발자 신입 [Android, C, C++, QT] | S/W 개발 (사원 ~ 선임) | Linux System Engineer",,,크로스플랫폼 앱,크로스플랫폼 앱:0.7100 | iOS:0.1100 | 게임 클라이언트:0.0367 | HW/임베디드:0.0300 | 게임 서버:0.0200,0.1
apache/cordova,https://github.com/apache/cordova,크로스플랫폼 앱,크로스플랫폼 앱,faiss_only,0,0,0,SW/솔루션,SW/솔루션 | SW/솔루션 | SW/솔루션 | 안드로이드 | 프론트엔드,0.8339 | 0.8325 | 0.8243 | 0.8025 | 0.8004,0.8339 | 0.8325 | 0.8243 | 0.8025 | 0.8004,"L4-L7 스위치 가상화 솔루션 개발 경력 | GitLab 솔루션 엔지니어 | 이리온 C++ 어플리케이션 개발자(서울) | SW 개발자 신입 [Android, C, C++, QT] | 프론트엔드 개발자",,,,,
apache/cordova,https://github.com/apache/cordova,크로스플랫폼 앱,크로스플랫폼 앱,domain_rerank,0,0,0,안드로이드,안드로이드 | 프론트엔드 | SW/솔루션 | SW/솔루션 | SW/솔루션,0.8025 | 0.8004 | 0.8339 | 0.8325 | 0.8243,0.8525 | 0.8504 | 0.8339 | 0.8325 | 0.8243,"SW 개발자 신입 [Android, C, C++, QT] | 프론트엔드 개발자 | L4-L7 스위치 가상화 솔루션 개발 경력 | GitLab 솔루션 엔지니어 | 이리온 C++ 어플리케이션 개발자(서울)",게임 개발 | 웹 프론트엔드 | 서버/백엔드 | ML/AI | 모바일 앱,0.05,,,
apache/cordova,https://github.com/apache/cordova,크로스플랫폼 앱,크로스플랫폼 앱,ai_classifier_rerank,0,0,0,안드로이드,안드로이드 | SW/솔루션 | SW/솔루션 | SW/솔루션 | 프론트엔드,0.8025 | 0.8339 | 0.8325 | 0.8243 | 0.8004,0.8522 | 0.8339 | 0.8325 | 0.8243 | 0.8020,"SW 개발자 신입 [Android, C, C++, QT] | L4-L7 스위치 가상화 솔루션 개발 경력 | GitLab 솔루션 엔지니어 | 이리온 C++ 어플리케이션 개발자(서울) | 프론트엔드 개발자",,,안드로이드,안드로이드:0.4972 | iOS:0.0800 | 게임 서버:0.0673 | 인공지능/머신러닝:0.0567 | QA 엔지니어:0.0451,0.1
expo/expo,https://github.com/expo/expo,크로스플랫폼 앱,크로스플랫폼 앱,faiss_only,0,0,0,SW/솔루션,SW/솔루션 | 프론트엔드 | 프론트엔드 | 프론트엔드 | 안드로이드,0.8258 | 0.8251 | 0.8201 | 0.8173 | 0.8149,0.8258 | 0.8251 | 0.8201 | 0.8173 | 0.8149,"L4-L7 스위치 가상화 솔루션 개발 경력 | 프론트엔드 개발자 | 프론트엔드 개발자 | [경력] 프론트엔드 개발자 | SW 개발자 신입 [Android, C, C++, QT]",,,,,
expo/expo,https://github.com/expo/expo,크로스플랫폼 앱,크로스플랫폼 앱,domain_rerank,0,0,0,프론트엔드,프론트엔드 | 프론트엔드 | 프론트엔드 | 안드로이드 | SW/솔루션,0.8251 | 0.8201 | 0.8173 | 0.8149 | 0.8258,0.8751 | 0.8701 | 0.8673 | 0.8649 | 0.8258,"프론트엔드 개발자 | 프론트엔드 개발자 | [경력] 프론트엔드 개발자 | SW 개발자 신입 [Android, C, C++, QT] | L4-L7 스위치 가상화 솔루션 개발 경력",게임 개발 | 웹 프론트엔드 | 서버/백엔드 | ML/AI | 모바일 앱 | DevOps/인프라 | 블록체인 | 빅데이터 엔지니어 | 도구 개발,0.05,,,
expo/expo,https://github.com/expo/expo,크로스플랫폼 앱,크로스플랫폼 앱,ai_classifier_rerank,0,0,0,프론트엔드,프론트엔드 | 프론트엔드 | 프론트엔드 | SW/솔루션 | 안드로이드,0.8251 | 0.8201 | 0.8173 | 0.8258 | 0.8149,0.8374 | 0.8324 | 0.8296 | 0.8258 | 0.8163,"프론트엔드 개발자 | 프론트엔드 개발자 | [경력] 프론트엔드 개발자 | L4-L7 스위치 가상화 솔루션 개발 경력 | SW 개발자 신입 [Android, C, C++, QT]",,,크로스플랫폼 앱,크로스플랫폼 앱:0.3167 | 프론트엔드:0.1233 | iOS:0.1200 | HW/임베디드:0.1067 | devops/시스템 엔지니어:0.0733,0.1
zephyrproject-rtos/zephyr,https://github.com/zephyrproject-rtos/zephyr,HW/임베디드,HW/임베디드,faiss_only,0,0,0,SW/솔루션,SW/솔루션 | SW/솔루션 | 서버/백엔드 | SW/솔루션 | 프론트엔드,0.8305 | 0.8123 | 0.7994 | 0.7976 | 0.7975,0.8305 | 0.8123 | 0.7994 | 0.7976 | 0.7975,GitLab 솔루션 엔지니어 | L4-L7 스위치 가상화 솔루션 개발 경력 | 경력 개발자(백엔드) 채용 | WEBFRONT-K GUI 개발 | 프론트엔드 개발자,,,,,
zephyrproject-rtos/zephyr,https://github.com/zephyrproject-rtos/zephyr,HW/임베디드,HW/임베디드,domain_rerank,0,0,0,서버/백엔드,서버/백엔드 | 프론트엔드 | SW/솔루션 | SW/솔루션 | SW/솔루션,0.7994 | 0.7975 | 0.8305 | 0.8123 | 0.7976,0.8494 | 0.8475 | 0.8305 | 0.8123 | 0.7976,경력 개발자(백엔드) 채용 | 프론트엔드 개발자 | GitLab 솔루션 엔지니어 | L4-L7 스위치 가상화 솔루션 개발 경력 | WEBFRONT-K GUI 개발,게임 개발 | 웹 프론트엔드 | 서버/백엔드 | ML/AI | 모바일 앱 | DevOps/인프라 | 빅데이터 엔지니어 | 도구 개발,0.05,,,
zephyrproject-rtos/zephyr,https://github.com/zephyrproject-rtos/zephyr,HW/임베디드,HW/임베디드,ai_classifier_rerank,0,0,0,SW/솔루션,SW/솔루션 | SW/솔루션 | 프론트엔드 | 서버/백엔드 | SW/솔루션,0.8305 | 0.8123 | 0.7975 | 0.7994 | 0.7976,0.8305 | 0.8123 | 0.8032 | 0.8024 | 0.7976,GitLab 솔루션 엔지니어 | L4-L7 스위치 가상화 솔루션 개발 경력 | 프론트엔드 개발자 | 경력 개발자(백엔드) 채용 | WEBFRONT-K GUI 개발,,,HW/임베디드,HW/임베디드:0.6167 | devops/시스템 엔지니어:0.0733 | 프론트엔드:0.0567 | 게임 클라이언트:0.0500 | 게임 서버:0.0467,0.1
espressif/esp-idf,https://github.com/espressif/esp-idf,HW/임베디드,HW/임베디드,faiss_only,0,0,0,SW/솔루션,SW/솔루션 | SW/솔루션 | 서버/백엔드 | 프론트엔드 | iOS,0.8486 | 0.8335 | 0.8289 | 0.8288 | 0.8214,0.8486 | 0.8335 | 0.8289 | 0.8288 | 0.8214,L4-L7 스위치 가상화 솔루션 개발 경력 | GitLab 솔루션 엔지니어 | 경력 개발자(백엔드) 채용 | 프론트엔드 개발자 | ADC(L4-L7 스위치) 애플리케이션 개발,,,,,
espressif/esp-idf,https://github.com/espressif/esp-idf,HW/임베디드,HW/임베디드,domain_rerank,0,0,0,서버/백엔드,서버/백엔드 | 프론트엔드 | iOS | SW/솔루션 | SW/솔루션,0.8289 | 0.8288 | 0.8214 | 0.8486 | 0.8335,0.8789 | 0.8788 | 0.8714 | 0.8486 | 0.8335,경력 개발자(백엔드) 채용 | 프론트엔드 개발자 | ADC(L4-L7 스위치) 애플리케이션 개발 | L4-L7 스위치 가상화 솔루션 개발 경력 | GitLab 솔루션 엔지니어,게임 개발 | 웹 프론트엔드 | 서버/백엔드 | ML/AI | 모바일 앱 | DevOps/인프라 | 빅데이터 엔지니어,0.05,,,
espressif/esp-idf,https://github.com/espressif/esp-idf,HW/임베디드,HW/임베디드,ai_classifier_rerank,0,0,0,SW/솔루션,SW/솔루션 | SW/솔루션 | 서버/백엔드 | 프론트엔드 | iOS,0.8486 | 0.8335 | 0.8289 | 0.8288 | 0.8214,0.8486 | 0.8335 | 0.8333 | 0.8291 | 0.8221,L4-L7 스위치 가상화 솔루션 개발 경력 | GitLab 솔루션 엔지니어 | 경력 개발자(백엔드) 채용 | 프론트엔드 개발자 | ADC(L4-L7 스위치) 애플리케이션 개발,,,HW/임베디드,HW/임베디드:0.7100 | 게임 클라이언트:0.0700 | 웹 풀스택:0.0567 | 크로스플랫폼 앱:0.0533 | 서버/백엔드:0.0433,0.1
arduino/Arduino,https://github.com/arduino/Arduino,HW/임베디드,HW/임베디드,faiss_only,0,0,0,SW/솔루션,SW/솔루션 | SW/솔루션 | SW/솔루션 | devops/시스템 엔지니어 | devops/시스템 엔지니어,0.8430 | 0.8409 | 0.8212 | 0.8180 | 0.8132,0.8430 | 0.8409 | 0.8212 | 0.8180 | 0.8132,GitLab 솔루션 엔지니어 | L4-L7 스위치 가상화 솔루션 개발 경력 | 이리온 C++ 어플리케이션 개발자(서울) | 개발자(devops/시스템엔지니어) 채용 (경력1년~4년) | SRE/DevOps Engineer,,,,,
arduino/Arduino,https://github.com/arduino/Arduino,HW/임베디드,HW/임베디드,domain_rerank,0,0,0,SW/솔루션,SW/솔루션 | SW/솔루션 | SW/솔루션 | devops/시스템 엔지니어 | devops/시스템 엔지니어,0.8430 | 0.8409 | 0.8212 | 0.8180 | 0.8132,0.8430 | 0.8409 | 0.8212 | 0.8180 | 0.8132,GitLab 솔루션 엔지니어 | L4-L7 스위치 가상화 솔루션 개발 경력 | 이리온 C++ 어플리케이션 개발자(서울) | 개발자(devops/시스템엔지니어) 채용 (경력1년~4년) | SRE/DevOps Engineer,웹 프론트엔드 | 서버/백엔드 | ML/AI,0.05,,,
arduino/Arduino,https://github.com/arduino/Arduino,HW/임베디드,HW/임베디드,ai_classifier_rerank,0,0,0,SW/솔루션,SW/솔루션 | SW/솔루션 | SW/솔루션 | devops/시스템 엔지니어 | devops/시스템 엔지니어,0.8430 | 0.8409 | 0.8212 | 0.8180 | 0.8132,0.8430 | 0.8409 | 0.8212 | 0.8184 | 0.8135,GitLab 솔루션 엔지니어 | L4-L7 스위치 가상화 솔루션 개발 경력 | 이리온 C++ 어플리케이션 개발자(서울) | 개발자(devops/시스템엔지니어) 채용 (경력1년~4년) | SRE/DevOps Engineer,,,HW/임베디드,HW/임베디드:0.6433 | 안드로이드:0.2100 | 게임 서버:0.0700 | iOS:0.0433 | 블록체인:0.0167,0.1
RIOT-OS/RIOT,https://github.com/RIOT-OS/RIOT,HW/임베디드,HW/임베디드,faiss_only,0,0,0,SW/솔루션,SW/솔루션 | SW/솔루션 | 프론트엔드 | devops/시스템 엔지니어 | SW/솔루션,0.8465 | 0.8462 | 0.8193 | 0.8174 | 0.8152,0.8465 | 0.8462 | 0.8193 | 0.8174 | 0.8152,GitLab 솔루션 엔지니어 | L4-L7 스위치 가상화 솔루션 개발 경력 | 프론트엔드 개발자 | SRE/DevOps Engineer | 이리온 C++ 어플리케이션 개발자(서울),,,,,
RIOT-OS/RIOT,https://github.com/RIOT-OS/RIOT,HW/임베디드,HW/임베디드,domain_rerank,0,0,0,프론트엔드,프론트엔드 | SW/솔루션 | SW/솔루션 | devops/시스템 엔지니어 | SW/솔루션,0.8193 | 0.8465 | 0.8462 | 0.8174 | 0.8152,0.8693 | 0.8465 | 0.8462 | 0.8174 | 0.8152,프론트엔드 개발자 | GitLab 솔루션 엔지니어 | L4-L7 스위치 가상화 솔루션 개발 경력 | SRE/DevOps Engineer | 이리온 C++ 어플리케이션 개발자(서울),게임 개발 | 웹 프론트엔드 | 서버/백엔드 | ML/AI | 모바일 앱 | 빅데이터 엔지니어 | 도구 개발,0.05,,,
RIOT-OS/RIOT,https://github.com/RIOT-OS/RIOT,HW/임베디드,HW/임베디드,ai_classifier_rerank,0,0,0,SW/솔루션,SW/솔루션 | SW/솔루션 | 프론트엔드 | devops/시스템 엔지니어 | SW/솔루션,0.8465 | 0.8462 | 0.8193 | 0.8174 | 0.8152,0.8465 | 0.8462 | 0.8203 | 0.8194 | 0.8152,GitLab 솔루션 엔지니어 | L4-L7 스위치 가상화 솔루션 개발 경력 | 프론트엔드 개발자 | SRE/DevOps Engineer | 이리온 C++ 어플리케이션 개발자(서울),,,HW/임베디드,HW/임베디드:0.6900 | 빅데이터 엔지니어:0.0700 | 서버/백엔드:0.0533 | 게임 서버:0.0400 | 블록체인:0.0400,0.1
raspberrypi/linux,https://github.com/raspberrypi/linux,HW/임베디드,HW/임베디드,faiss_only,0,0,0,SW/솔루션,SW/솔루션 | SW/솔루션 | devops/시스템 엔지니어 | devops/시스템 엔지니어 | SW/솔루션,0.8306 | 0.8111 | 0.8107 | 0.8036 | 0.7880,0.8306 | 0.8111 | 0.8107 | 0.8036 | 0.7880,GitLab 솔루션 엔지니어 | L4-L7 스위치 가상화 솔루션 개발 경력 | 개발자(devops/시스템엔지니어) 채용 (경력1년~4년) | SRE/DevOps Engineer | 이리온 C++ 어플리케이션 개발자(서울),,,,,
raspberrypi/linux,https://github.com/raspberrypi/linux,HW/임베디드,HW/임베디드,domain_rerank,0,0,0,devops/시스템 엔지니어,devops/시스템 엔지니어 | devops/시스템 엔지니어 | SW/솔루션 | SW/솔루션 | SW/솔루션,0.8107 | 0.8036 | 0.8306 | 0.8111 | 0.7880,0.8607 | 0.8536 | 0.8306 | 0.8111 | 0.7880,개발자(devops/시스템엔지니어) 채용 (경력1년~4년) | SRE/DevOps Engineer | GitLab 솔루션 엔지니어 | L4-L7 스위치 가상화 솔루션 개발 경력 | 이리온 C++ 어플리케이션 개발자(서울),게임 개발 | 웹 프론트엔드 | 서버/백엔드 | ML/AI | 모바일 앱 | DevOps/인프라 | 빅데이터 엔지니어 | 도구 개발,0.05,,,
raspberrypi/linux,https://github.com/raspberrypi/linux,HW/임베디드,HW/임베디드,ai_classifier_rerank,0,0,0,SW/솔루션,SW/솔루션 | SW/솔루션 | devops/시스템 엔지니어 | devops/시스템 엔지니어 | SW/솔루션,0.8306 | 0.8111 | 0.8107 | 0.8036 | 0.7880,0.8306 | 0.8111 | 0.8111 | 0.8039 | 0.7880,GitLab 솔루션 엔지니어 | L4-L7 스위치 가상화 솔루션 개발 경력 | 개발자(devops/시스템엔지니어) 채용 (경력1년~4년) | SRE/DevOps Engineer | 이리온 C++ 어플리케이션 개발자(서울),,,HW/임베디드,HW/임베디드:0.6667 | 안드로이드:0.0800 | 인공지능/머신러닝:0.0767 | 크로스플랫폼 앱:0.0733 | 블록체인:0.0233,0.1
micropython/micropython,https://github.com/micropython/micropython,HW/임베디드,HW/임베디드,faiss_only,0,0,0,SW/솔루션,SW/솔루션 | SW/솔루션 | SW/솔루션 | devops/시스템 엔지니어 | devops/시스템 엔지니어,0.8303 | 0.8301 | 0.8140 | 0.8075 | 0.8000,0.8303 | 0.8301 | 0.8140 | 0.8075 | 0.8000,GitLab 솔루션 엔지니어 | L4-L7 스위치 가상화 솔루션 개발 경력 | 이리온 C++ 어플리케이션 개발자(서울) | 개발자(devops/시스템엔지니어) 채용 (경력1년~4년) | DevOps(K8s 기반) CI/CD 개발 엔지니어,,,,,
micropython/micropython,https://github.com/micropython/micropython,HW/임베디드,HW/임베디드,domain_rerank,0,0,0,SW/솔루션,SW/솔루션 | SW/솔루션 | SW/솔루션 | devops/시스템 엔지니어 | devops/시스템 엔지니어,0.8303 | 0.8301 | 0.8140 | 0.8075 | 0.8000,0.8303 | 0.8301 | 0.8140 | 0.8075 | 0.8000,GitLab 솔루션 엔지니어 | L4-L7 스위치 가상화 솔루션 개발 경력 | 이리온 C++ 어플리케이션 개발자(서울) | 개발자(devops/시스템엔지니어) 채용 (경력1년~4년) | DevOps(K8s 기반) CI/CD 개발 엔지니어,게임 개발 | 웹 프론트엔드 | 서버/백엔드 | ML/AI | 빅데이터 엔지니어,0.05,,,
micropython/micropython,https://github.com/micropython/micropython,HW/임베디드,HW/임베디드,ai_classifier_rerank,0,0,0,SW/솔루션,SW/솔루션 | SW/솔루션 | SW/솔루션 | devops/시스템 엔지니어 | devops/시스템 엔지니어,0.8303 | 0.8301 | 0.8140 | 0.8075 | 0.8000,0.8303 | 0.8301 | 0.8140 | 0.8078 | 0.8003,GitLab 솔루션 엔지니어 | L4-L7 스위치 가상화 솔루션 개발 경력 | 이리온 C++ 어플리케이션 개발자(서울) | 개발자(devops/시스템엔지니어) 채용 (경력1년~4년) | DevOps(K8s 기반) CI/CD 개발 엔지니어,,,HW/임베디드,HW/임베디드:0.6567 | 블록체인:0.1400 | 빅데이터 엔지니어:0.0533 | 서버/백엔드:0.0433 | iOS:0.0367,0.1
ARMmbed/mbed-os,https://github.com/ARMmbed/mbed-os,HW/임베디드,HW/임베디드,faiss_only,0,0,0,SW/솔루션,SW/솔루션 | SW/솔루션 | devops/시스템 엔지니어 | SW/솔루션 | devops/시스템 엔지니어,0.8404 | 0.8301 | 0.8095 | 0.8061 | 0.8047,0.8404 | 0.8301 | 0.8095 | 0.8061 | 0.8047,GitLab 솔루션 엔지니어 | L4-L7 스위치 가상화 솔루션 개발 경력 | SRE/DevOps Engineer | S/W 개발 (사원 ~ 선임) | DevOps(K8s 기반) CI/CD 개발 엔지니어,,,,,
ARMmbed/mbed-os,https://github.com/ARMmbed/mbed-os,HW/임베디드,HW/임베디드,domain_rerank,0,0,0,SW/솔루션,SW/솔루션 | SW/솔루션 | devops/시스템 엔지니어 | SW/솔루션 | devops/시스템 엔지니어,0.8404 | 0.8301 | 0.8095 | 0.8061 | 0.8047,0.8404 | 0.8301 | 0.8095 | 0.8061 | 0.8047,GitLab 솔루션 엔지니어 | L4-L7 스위치 가상화 솔루션 개발 경력 | SRE/DevOps Engineer | S/W 개발 (사원 ~ 선임) | DevOps(K8s 기반) CI/CD 개발 엔지니어,게임 개발 | 웹 프론트엔드 | 서버/백엔드 | 도구 개발 | ML/AI | 모바일 앱,0.05,,,
ARMmbed/mbed-os,https://github.com/ARMmbed/mbed-os,HW/임베디드,HW/임베디드,ai_classifier_rerank,0,0,0,SW/솔루션,SW/솔루션 | SW/솔루션 | devops/시스템 엔지니어 | SW/솔루션 | devops/시스템 엔지니어,0.8404 | 0.8301 | 0.8095 | 0.8061 | 0.8047,0.8404 | 0.8301 | 0.8102 | 0.8061 | 0.8054,GitLab 솔루션 엔지니어 | L4-L7 스위치 가상화 솔루션 개발 경력 | SRE/DevOps Engineer | S/W 개발 (사원 ~ 선임) | DevOps(K8s 기반) CI/CD 개발 엔지니어,,,HW/임베디드,HW/임베디드:0.6833 | 블록체인:0.1200 | 게임 클라이언트:0.0600 | 웹 풀스택:0.0333 | 크로스플랫폼 앱:0.0233,0.1
PlatformIO/platformio-core,https://github.com/PlatformIO/platformio-core,HW/임베디드,HW/임베디드,faiss_only,0,0,0,SW/솔루션,SW/솔루션 | SW/솔루션 | SW/솔루션 | devops/시스템 엔지니어 | devops/시스템 엔지니어,0.8357 | 0.8031 | 0.8017 | 0.7946 | 0.7833,0.8357 | 0.8031 | 0.8017 | 0.7946 | 0.7833,GitLab 솔루션 엔지니어 | L4-L7 스위치 가상화 솔루션 개발 경력 | 이리온 C++ 어플리케이션 개발자(서울) | SRE/DevOps Engineer | DevOps(K8s 기반) CI/CD 개발 엔지니어,,,,,
PlatformIO/platformio-core,https://github.com/PlatformIO/platformio-core,HW/임베디드,HW/임베디드,domain_rerank,0,0,0,SW/솔루션,SW/솔루션 | SW/솔루션 | SW/솔루션 | devops/시스템 엔지니어 | devops/시스템 엔지니어,0.8357 | 0.8031 | 0.8017 | 0.7946 | 0.7833,0.8357 | 0.8031 | 0.8017 | 0.7946 | 0.7833,GitLab 솔루션 엔지니어 | L4-L7 스위치 가상화 솔루션 개발 경력 | 이리온 C++ 어플리케이션 개발자(서울) | SRE/DevOps Engineer | DevOps(K8s 기반) CI/CD 개발 엔지니어,서버/백엔드 | 도구 개발 | 게임 개발 | 웹 프론트엔드 | ML/AI | 모바일 앱,0.05,,,
PlatformIO/platformio-core,https://github.com/PlatformIO/platformio-core,HW/임베디드,HW/임베디드,ai_classifier_rerank,0,0,0,SW/솔루션,SW/솔루션 | SW/솔루션 | SW/솔루션 | devops/시스템 엔지니어 | devops/시스템 엔지니어,0.8357 | 0.8031 | 0.8017 | 0.7946 | 0.7833,0.8357 | 0.8031 | 0.8017 | 0.7949 | 0.7836,GitLab 솔루션 엔지니어 | L4-L7 스위치 가상화 솔루션 개발 경력 | 이리온 C++ 어플리케이션 개발자(서울) | SRE/DevOps Engineer | DevOps(K8s 기반) CI/CD 개발 엔지니어,,,게임 서버,게임 서버:0.3200 | 안드로이드:0.2267 | 서버/백엔드:0.1033 | HW/임베디드:0.0900 | 게임 클라이언트:0.0833,0.1
MarlinFirmware/Marlin,https://github.com/MarlinFirmware/Marlin,HW/임베디드,HW/임베디드,faiss_only,0,0,0,SW/솔루션,SW/솔루션 | SW/솔루션 | SW/솔루션 | devops/시스템 엔지니어 | devops/시스템 엔지니어,0.8269 | 0.8255 | 0.8142 | 0.8124 | 0.7977,0.8269 | 0.8255 | 0.8142 | 0.8124 | 0.7977,L4-L7 스위치 가상화 솔루션 개발 경력 | GitLab 솔루션 엔지니어 | 이리온 C++ 어플리케이션 개발자(서울) | SRE/DevOps Engineer | DevOps(K8s 기반) CI/CD 개발 엔지니어,,,,,
MarlinFirmware/Marlin,https://github.com/MarlinFirmware/Marlin,HW/임베디드,HW/임베디드,domain_rerank,0,0,0,devops/시스템 엔지니어,devops/시스템 엔지니어 | devops/시스템 엔지니어 | SW/솔루션 | SW/솔루션 | SW/솔루션,0.8124 | 0.7977 | 0.8269 | 0.8255 | 0.8142,0.8624 | 0.8477 | 0.8269 | 0.8255 | 0.8142,SRE/DevOps Engineer | DevOps(K8s 기반) CI/CD 개발 엔지니어 | L4-L7 스위치 가상화 솔루션 개발 경력 | GitLab 솔루션 엔지니어 | 이리온 C++ 어플리케이션 개발자(서울),게임 개발 | 웹 프론트엔드 | 서버/백엔드 | 모바일 앱 | 도구 개발 | ML/AI | DevOps/인프라,0.05,,,
MarlinFirmware/Marlin,https://github.com/MarlinFirmware/Marlin,HW/임베디드,HW/임베디드,ai_classifier_rerank,0,0,0,SW/솔루션,SW/솔루션 | SW/솔루션 | SW/솔루션 | devops/시스템 엔지니어 | devops/시스템 엔지니어,0.8269 | 0.8255 | 0.8142 | 0.8124 | 0.7977,0.8269 | 0.8255 | 0.8142 | 0.8124 | 0.7977,L4-L7 스위치 가상화 솔루션 개발 경력 | GitLab 솔루션 엔지니어 | 이리온 C++ 어플리케이션 개발자(서울) | SRE/DevOps Engineer | DevOps(K8s 기반) CI/CD 개발 엔지니어,,,HW/임베디드,HW/임베디드:0.7200 | 안드로이드:0.1000 | 블록체인:0.0567 | 인공지능/머신러닝:0.0500 | 게임 클라이언트:0.0200,0.1
Klipper3d/klipper,https://github.com/Klipper3d/klipper,HW/임베디드,HW/임베디드,faiss_only,0,0,0,SW/솔루션,SW/솔루션 | SW/솔루션 | SW/솔루션 | devops/시스템 엔지니어 | devops/시스템 엔지니어,0.8374 | 0.8151 | 0.8066 | 0.8021 | 0.8018,0.8374 | 0.8151 | 0.8066 | 0.8021 | 0.8018,GitLab 솔루션 엔지니어 | L4-L7 스위치 가상화 솔루션 개발 경력 | 이리온 C++ 어플리케이션 개발자(서울) | DevOps(K8s 기반) CI/CD 개발 엔지니어 | SRE/DevOps Engineer,,,,,
Klipper3d/klipper,https://github.com/Klipper3d/klipper,HW/임베디드,HW/임베디드,domain_rerank,0,0,0,SW/솔루션,SW/솔루션 | SW/솔루션 | SW/솔루션 | devops/시스템 엔지니어 | devops/시스템 엔지니어,0.8374 | 0.8151 | 0.8066 | 0.8021 | 0.8018,0.8374 | 0.8151 | 0.8066 | 0.8021 | 0.8018,GitLab 솔루션 엔지니어 | L4-L7 스위치 가상화 솔루션 개발 경력 | 이리온 C++ 어플리케이션 개발자(서울) | DevOps(K8s 기반) CI/CD 개발 엔지니어 | SRE/DevOps Engineer,웹 프론트엔드 | 서버/백엔드,0.05,,,
Klipper3d/klipper,https://github.com/Klipper3d/klipper,HW/임베디드,HW/임베디드,ai_classifier_rerank,0,0,0,SW/솔루션,SW/솔루션 | SW/솔루션 | SW/솔루션 | devops/시스템 엔지니어 | devops/시스템 엔지니어,0.8374 | 0.8151 | 0.8066 | 0.8021 | 0.8018,0.8374 | 0.8151 | 0.8066 | 0.8021 | 0.8018,GitLab 솔루션 엔지니어 | L4-L7 스위치 가상화 솔루션 개발 경력 | 이리온 C++ 어플리케이션 개발자(서울) | DevOps(K8s 기반) CI/CD 개발 엔지니어 | SRE/DevOps Engineer,,,HW/임베디드,HW/임베디드:0.7067 | 블록체인:0.1533 | 인공지능/머신러닝:0.0333 | 크로스플랫폼 앱:0.0233 | 안드로이드:0.0212,0.1
SeleniumHQ/selenium,https://github.com/SeleniumHQ/selenium,QA 엔지니어,QA 엔지니어,faiss_only,0,0,0,SW/솔루션,SW/솔루션 | SW/솔루션 | 프론트엔드 | 서버/백엔드 | 서버/백엔드,0.8615 | 0.8580 | 0.8344 | 0.8327 | 0.8301,0.8615 | 0.8580 | 0.8344 | 0.8327 | 0.8301,L4-L7 스위치 가상화 솔루션 개발 경력 | GitLab 솔루션 엔지니어 | 프론트엔드 개발자 | 서버/백엔드 개발자 채용 (경력1년~4년) | 경력 개발자(백엔드) 채용,,,,,
SeleniumHQ/selenium,https://github.com/SeleniumHQ/selenium,QA 엔지니어,QA 엔지니어,domain_rerank,0,0,0,프론트엔드,프론트엔드 | 서버/백엔드 | 서버/백엔드 | SW/솔루션 | SW/솔루션,0.8344 | 0.8327 | 0.8301 | 0.8615 | 0.8580,0.8844 | 0.8827 | 0.8801 | 0.8615 | 0.8580,프론트엔드 개발자 | 서버/백엔드 개발자 채용 (경력1년~4년) | 경력 개발자(백엔드) 채용 | L4-L7 스위치 가상화 솔루션 개발 경력 | GitLab 솔루션 엔지니어,게임 개발 | 웹 프론트엔드 | 서버/백엔드 | ML/AI | 모바일 앱 | DevOps/인프라 | 도구 개발 | 블록체인,0.05,,,
SeleniumHQ/selenium,https://github.com/SeleniumHQ/selenium,QA 엔지니어,QA 엔지니어,ai_classifier_rerank,0,0,0,SW/솔루션,SW/솔루션 | SW/솔루션 | 서버/백엔드 | 프론트엔드 | 서버/백엔드,0.8615 | 0.8580 | 0.8327 | 0.8344 | 0.8301,0.8615 | 0.8580 | 0.8380 | 0.8364 | 0.8354,L4-L7 스위치 가상화 솔루션 개발 경력 | GitLab 솔루션 엔지니어 | 서버/백엔드 개발자 채용 (경력1년~4년) | 프론트엔드 개발자 | 경력 개발자(백엔드) 채용,,,QA 엔지니어,QA 엔지니어:0.6400 | devops/시스템 엔지니어:0.0933 | HW/임베디드:0.0567 | 서버/백엔드:0.0533 | 게임 클라이언트:0.0333,0.1
cypress-io/cypress,https://github.com/cypress-io/cypress,QA 엔지니어,QA 엔지니어,faiss_only,0,0,0,SW/솔루션,SW/솔루션 | 프론트엔드 | 프론트엔드 | 서버/백엔드 | 서버/백엔드,0.8335 | 0.8238 | 0.8183 | 0.8171 | 0.8142,0.8335 | 0.8238 | 0.8183 | 0.8171 | 0.8142,L4-L7 스위치 가상화 솔루션 개발 경력 | 프론트엔드 개발자 | 프론트엔드 개발자 | 경력 개발자(백엔드) 채용 | 서버/백엔드 개발자 채용 (경력1년~4년),,,,,
cypress-io/cypress,https://github.com/cypress-io/cypress,QA 엔지니어,QA 엔지니어,domain_rerank,0,0,0,프론트엔드,프론트엔드 | 프론트엔드 | 서버/백엔드 | 서버/백엔드 | SW/솔루션,0.8238 | 0.8183 | 0.8171 | 0.8142 | 0.8335,0.8738 | 0.8683 | 0.8671 | 0.8642 | 0.8335,프론트엔드 개발자 | 프론트엔드 개발자 | 경력 개발자(백엔드) 채용 | 서버/백엔드 개발자 채용 (경력1년~4년) | L4-L7 스위치 가상화 솔루션 개발 경력,게임 개발 | 웹 프론트엔드 | 서버/백엔드 | 모바일 앱 | 도구 개발 | ML/AI,0.05,,,
cypress-io/cypress,https://github.com/cypress-io/cypress,QA 엔지니어,QA 엔지니어,ai_classifier_rerank,0,0,0,프론트엔드,프론트엔드 | 프론트엔드 | SW/솔루션 | 서버/백엔드 | 서버/백엔드,0.8238 | 0.8183 | 0.8335 | 0.8171 | 0.8142,0.8551 | 0.8496 | 0.8335 | 0.8255 | 0.8225,프론트엔드 개발자 | 프론트엔드 개발자 | L4-L7 스위치 가상화 솔루션 개발 경력 | 경력 개발자(백엔드) 채용 | 서버/백엔드 개발자 채용 (경력1년~4년),,,프론트엔드,프론트엔드:0.3133 | devops/시스템 엔지니어:0.1567 | 서버/백엔드:0.0833 | HW/임베디드:0.0700 | 웹 풀스택:0.0667,0.1
microsoft/playwright,https://github.com/microsoft/playwright,QA 엔지니어,QA 엔지니어,faiss_only,0,0,0,서버/백엔드,서버/백엔드 | SW/솔루션 | 서버/백엔드 | 인공지능/머신러닝 | 서버/백엔드,0.7313 | 0.7262 | 0.7105 | 0.7105 | 0.7072,0.7313 | 0.7262 | 0.7105 | 0.7105 | 0.7072,백엔드 개발자 | Back-end Developer | 자바 백엔드 경력 채용 | 풀스택 AI 엔지니어 채용 | 백엔드 엔지니어(Application Part),,,,,
microsoft/playwright,https://github.com/microsoft/playwright,QA 엔지니어,QA 엔지니어,domain_rerank,0,0,0,서버/백엔드,서버/백엔드 | 서버/백엔드 | 인공지능/머신러닝 | 서버/백엔드 | SW/솔루션,0.7313 | 0.7105 | 0.7105 | 0.7072 | 0.7262,0.7813 | 0.7605 | 0.7605 | 0.7572 | 0.7262,백엔드 개발자 | 자바 백엔드 경력 채용 | 풀스택 AI 엔지니어 채용 | 백엔드 엔지니어(Application Part) | Back-end Developer,웹 프론트엔드 | 서버/백엔드 | ML/AI | 모바일 앱 | DevOps/인프라 | 블록체인,0.05,,,
microsoft/playwright,https://github.com/microsoft/playwright,QA 엔지니어,QA 엔지니어,ai_classifier_rerank,0,0,0,서버/백엔드,서버/백엔드 | SW/솔루션 | 서버/백엔드 | 인공지능/머신러닝 | 서버/백엔드,0.7313 | 0.7262 | 0.7105 | 0.7105 | 0.7072,0.7313 | 0.7262 | 0.7105 | 0.7105 | 0.7072,백엔드 개발자 | Back-end Developer | 자바 백엔드 경력 채용 | 풀스택 AI 엔지니어 채용 | 백엔드 엔지니어(Application Part),,,QA 엔지니어,QA 엔지니어:0.8175 | 게임 서버:0.0875 | iOS:0.0433 | DBA:0.0233 | 웹 풀스택:0.0115,0.1
karatelabs/karate,https://github.com/karatelabs/karate,QA 엔지니어,QA 엔지니어,faiss_only,0,0,0,서버/백엔드,서버/백엔드 | SW/솔루션 | 서버/백엔드 | 서버/백엔드 | 인공지능/머신러닝,0.7603 | 0.7588 | 0.7546 | 0.7519 | 0.7459,0.7603 | 0.7588 | 0.7546 | 0.7519 | 0.7459,백엔드 개발자 | Back-end Developer | 백엔드 엔지니어(Application Part) | Python Developer | 풀스택 AI 엔지니어 채용,,,,,
karatelabs/karate,https://github.com/karatelabs/karate,QA 엔지니어,QA 엔지니어,domain_rerank,0,0,0,서버/백엔드,서버/백엔드 | 서버/백엔드 | 서버/백엔드 | 인공지능/머신러닝 | SW/솔루션,0.7603 | 0.7546 | 0.7519 | 0.7459 | 0.7588,0.8103 | 0.8046 | 0.8019 | 0.7959 | 0.7588,백엔드 개발자 | 백엔드 엔지니어(Application Part) | Python Developer | 풀스택 AI 엔지니어 채용 | Back-end Developer,웹 프론트엔드 | 서버/백엔드 | ML/AI | 모바일 앱,0.05,,,
karatelabs/karate,https://github.com/karatelabs/karate,QA 엔지니어,QA 엔지니어,ai_classifier_rerank,0,0,0,서버/백엔드,서버/백엔드 | SW/솔루션 | 서버/백엔드 | 서버/백엔드 | 인공지능/머신러닝,0.7603 | 0.7588 | 0.7546 | 0.7519 | 0.7459,0.7603 | 0.7588 | 0.7546 | 0.7519 | 0.7462,백엔드 개발자 | Back-end Developer | 백엔드 엔지니어(Application Part) | Python Developer | 풀스택 AI 엔지니어 채용,,,QA 엔지니어,QA 엔지니어:0.8977 | DBA:0.0433 | 게임 서버:0.0140 | HW/임베디드:0.0133 | devops/시스템 엔지니어:0.0067,0.1
rest-assured/rest-assured,https://github.com/rest-assured/rest-assured,QA 엔지니어,QA 엔지니어,faiss_only,0,0,0,SW/솔루션,SW/솔루션 | SW/솔루션 | 프론트엔드 | 서버/백엔드 | devops/시스템 엔지니어,0.6836 | 0.6801 | 0.6784 | 0.6696 | 0.6687,0.6836 | 0.6801 | 0.6784 | 0.6696 | 0.6687,스마트팩토리 로봇관제 S/W 개발자 | 반도체 회로 설계 개발자 (신입) | 프론트엔드 개발자 경력 [서울] | 백엔드 엔지니어(Application Part) | 네트워크 트래픽 관제 시스템 개발,,,,,
rest-assured/rest-assured,https://github.com/rest-assured/rest-assured,QA 엔지니어,QA 엔지니어,domain_rerank,0,0,0,서버/백엔드,서버/백엔드 | SW/솔루션 | SW/솔루션 | 프론트엔드 | devops/시스템 엔지니어,0.6696 | 0.6836 | 0.6801 | 0.6784 | 0.6687,0.7196 | 0.6836 | 0.6801 | 0.6784 | 0.6687,백엔드 엔지니어(Application Part) | 스마트팩토리 로봇관제 S/W 개발자 | 반도체 회로 설계 개발자 (신입) | 프론트엔드 개발자 경력 [서울] | 네트워크 트래픽 관제 시스템 개발,서버/백엔드 | ML/AI | 모바일 앱,0.05,,,
rest-assured/rest-assured,https://github.com/rest-assured/rest-assured,QA 엔지니어,QA 엔지니어,ai_classifier_rerank,0,0,0,SW/솔루션,SW/솔루션 | SW/솔루션 | 프론트엔드 | 서버/백엔드 | devops/시스템 엔지니어,0.6836 | 0.6801 | 0.6784 | 0.6696 | 0.6687,0.6836 | 0.6801 | 0.6784 | 0.6696 | 0.6693,스마트팩토리 로봇관제 S/W 개발자 | 반도체 회로 설계 개발자 (신입) | 프론트엔드 개발자 경력 [서울] | 백엔드 엔지니어(Application Part) | 네트워크 트래픽 관제 시스템 개발,,,QA 엔지니어,QA 엔지니어:0.8742 | iOS:0.0800 | DBA:0.0100 | 웹 풀스택:0.0081 | 게임 서버:0.0075,0.1
gauge/gauge,https://github.com/gauge/gauge,QA 엔지니어,QA 엔지니어,faiss_only,0,0,0,서버/백엔드,서버/백엔드 | 서버/백엔드 | 서버/백엔드 | SW/솔루션 | devops/시스템 엔지니어,0.5323 | 0.5255 | 0.5214 | 0.5185 | 0.5122,0.5323 | 0.5255 | 0.5214 | 0.5185 | 0.5122,백엔드 개발자 | 백엔드 경력 채용 (2~5년) | 백엔드 개발자 2년 이상 | 보안 취약점 분석 담당(6년↑) | 카카오/네이버 연계시스템 서버 개발자,,,,,
gauge/gauge,https://github.com/gauge/gauge,QA 엔지니어,QA 엔지니어,domain_rerank,0,0,0,서버/백엔드,서버/백엔드 | 서버/백엔드 | 서버/백엔드 | SW/솔루션 | devops/시스템 엔지니어,0.5323 | 0.5255 | 0.5214 | 0.5185 | 0.5122,0.5323 | 0.5255 | 0.5214 | 0.5185 | 0.5122,백엔드 개발자 | 백엔드 경력 채용 (2~5년) | 백엔드 개발자 2년 이상 | 보안 취약점 분석 담당(6년↑) | 카카오/네이버 연계시스템 서버 개발자,,0.05,,,
gauge/gauge,https://github.com/gauge/gauge,QA 엔지니어,QA 엔지니어,ai_classifier_rerank,0,0,0,서버/백엔드,서버/백엔드 | 서버/백엔드 | 서버/백엔드 | SW/솔루션 | devops/시스템 엔지니어,0.5323 | 0.5255 | 0.5214 | 0.5185 | 0.5122,0.5323 | 0.5255 | 0.5214 | 0.5185 | 0.5122,백엔드 개발자 | 백엔드 경력 채용 (2~5년) | 백엔드 개발자 2년 이상 | 보안 취약점 분석 담당(6년↑) | 카카오/네이버 연계시스템 서버 개발자,,,QA 엔지니어,QA 엔지니어:0.2795 | 웹 풀스택:0.2489 | 안드로이드:0.2402 | 게임 서버:0.2214 | DBA:0.0033,0.1
apache/jmeter,https://github.com/apache/jmeter,QA 엔지니어,QA 엔지니어,faiss_only,0,0,0,서버/백엔드,서버/백엔드 | 서버/백엔드 | 서버/백엔드 | 서버/백엔드 | 서버/백엔드,0.8424 | 0.8329 | 0.8309 | 0.8222 | 0.8167,0.8424 | 0.8329 | 0.8309 | 0.8222 | 0.8167,Java 백엔드 개발자 (5-10년) | 백엔드 개발자 3년 이상 | 백엔드 개발자(5년 이상) | [MEDIT] Backend 개발자 (AWS) | Java 기반 백엔드/서버개발자 경력,,,,,
apache/jmeter,https://github.com/apache/jmeter,QA 엔지니어,QA 엔지니어,domain_rerank,0,0,0,서버/백엔드,서버/백엔드 | 서버/백엔드 | 서버/백엔드 | 서버/백엔드 | 서버/백엔드,0.8424 | 0.8329 | 0.8309 | 0.8222 | 0.8167,0.8924 | 0.8829 | 0.8809 | 0.8722 | 0.8667,Java 백엔드 개발자 (5-10년) | 백엔드 개발자 3년 이상 | 백엔드 개발자(5년 이상) | [MEDIT] Backend 개발자 (AWS) | Java 기반 백엔드/서버개발자 경력,게임 개발 | 웹 프론트엔드 | 서버/백엔드 | ML/AI | 모바일 앱 | DevOps/인프라,0.05,,,
apache/jmeter,https://github.com/apache/jmeter,QA 엔지니어,QA 엔지니어,ai_classifier_rerank,0,0,0,서버/백엔드,서버/백엔드 | 서버/백엔드 | 서버/백엔드 | 서버/백엔드 | 서버/백엔드,0.8424 | 0.8329 | 0.8309 | 0.8222 | 0.8167,0.8424 | 0.8329 | 0.8309 | 0.8222 | 0.8167,Java 백엔드 개발자 (5-10년) | 백엔드 개발자 3년 이상 | 백엔드 개발자(5년 이상) | [MEDIT] Backend 개발자 (AWS) | Java 기반 백엔드/서버개발자 경력,,,QA 엔지니어,QA 엔지니어:0.7500 | DBA:0.0900 | 웹 풀스택:0.0522 | 안드로이드:0.0349 | 게임 서버:0.0329,0.1
RobotFramework/RobotFramework,https://github.com/RobotFramework/RobotFramework,QA 엔지니어,QA 엔지니어,faiss_only,0,0,0,인공지능/머신러닝,인공지능/머신러닝 | SW/솔루션 | SW/솔루션 | SW/솔루션 | devops/시스템 엔지니어,0.5967 | 0.5959 | 0.5927 | 0.5695 | 0.5693,0.5967 | 0.5959 | 0.5927 | 0.5695 | 0.5693,"AI Agent PM | Physical Implementation Engineer | DFT Engineer | Engineering Manager, Console | DevOps 프로젝트 기획자",,,,,
RobotFramework/RobotFramework,https://github.com/RobotFramework/RobotFramework,QA 엔지니어,QA 엔지니어,domain_rerank,0,0,0,인공지능/머신러닝,인공지능/머신러닝 | SW/솔루션 | SW/솔루션 | SW/솔루션 | devops/시스템 엔지니어,0.5967 | 0.5959 | 0.5927 | 0.5695 | 0.5693,0.6467 | 0.5959 | 0.5927 | 0.5695 | 0.5693,"AI Agent PM | Physical Implementation Engineer | DFT Engineer | Engineering Manager, Console | DevOps 프로젝트 기획자",게임 개발 | 서버/백엔드 | ML/AI | 모바일 앱,0.05,,,
RobotFramework/RobotFramework,https://github.com/RobotFramework/RobotFramework,QA 엔지니어,QA 엔지니어,ai_classifier_rerank,0,0,0,인공지능/머신러닝,인공지능/머신러닝 | SW/솔루션 | SW/솔루션 | SW/솔루션 | devops/시스템 엔지니어,0.5967 | 0.5959 | 0.5927 | 0.5695 | 0.5693,0.5974 | 0.5959 | 0.5927 | 0.5695 | 0.5693,"AI Agent PM | Physical Implementation Engineer | DFT Engineer | Engineering Manager, Console | DevOps 프로젝트 기획자",,,QA 엔지니어,QA 엔지니어:0.8441 | iOS:0.0767 | DBA:0.0433 | 안드로이드:0.0140 | 게임 서버:0.0081,0.1
allure-framework/allure2,https://github.com/allure-framework/allure2,QA 엔지니어,QA 엔지니어,faiss_only,0,0,0,SW/솔루션,SW/솔루션 | SW/솔루션 | 웹 풀스택 | 웹 풀스택 | 프론트엔드,0.7313 | 0.7032 | 0.6976 | 0.6899 | 0.6846,0.7313 | 0.7032 | 0.6976 | 0.6899 | 0.6846,Web Developer | [프리랜서] 상암_WEB 개발 | 웹 개발자 (책임급) | 웹개발자 | Front-end 개발자 (대리/과장급),,,,,
allure-framework/allure2,https://github.com/allure-framework/allure2,QA 엔지니어,QA 엔지니어,domain_rerank,0,0,0,프론트엔드,프론트엔드 | SW/솔루션 | SW/솔루션 | 웹 풀스택 | 웹 풀스택,0.6846 | 0.7313 | 0.7032 | 0.6976 | 0.6899,0.7346 | 0.7313 | 0.7032 | 0.6976 | 0.6899,Front-end 개발자 (대리/과장급) | Web Developer | [프리랜서] 상암_WEB 개발 | 웹 개발자 (책임급) | 웹개발자,게임 개발 | 웹 프론트엔드 | 서버/백엔드 | ML/AI | DevOps/인프라,0.05,,,
allure-framework/allure2,https://github.com/allure-framework/allure2,QA 엔지니어,QA 엔지니어,ai_classifier_rerank,0,0,0,SW/솔루션,SW/솔루션 | SW/솔루션 | 웹 풀스택 | 웹 풀스택 | 프론트엔드,0.7313 | 0.7032 | 0.6976 | 0.6899 | 0.6846,0.7313 | 0.7032 | 0.6988 | 0.6911 | 0.6846,Web Developer | [프리랜서] 상암_WEB 개발 | 웹 개발자 (책임급) | 웹개발자 | Front-end 개발자 (대리/과장급),,,QA 엔지니어,QA 엔지니어:0.7253 | iOS:0.1900 | DBA:0.0133 | 웹 풀스택:0.0119 | 게임 서버:0.0110,0.1
postgres/postgres,https://github.com/postgres/postgres,DBA,DBA,faiss_only,0,0,0,devops/시스템 엔지니어,devops/시스템 엔지니어 | 인공지능/머신러닝 | SW/솔루션 | SW/솔루션 | 빅데이터 엔지니어,0.7456 | 0.7344 | 0.7205 | 0.7152 | 0.7150,0.7456 | 0.7344 | 0.7205 | 0.7152 | 0.7150,[정보시스템팀] Data Engineer(3년이하) | Energy AI Team/Data Engineer | 데이터 분석 및 BI운영 (대리~과장) | [데이터사업팀] Product Engineer | 인프라운영실 데이터 엔지니어,,,,,
postgres/postgres,https://github.com/postgres/postgres,DBA,DBA,domain_rerank,0,0,0,인공지능/머신러닝,인공지능/머신러닝 | 빅데이터 엔지니어 | devops/시스템 엔지니어 | SW/솔루션 | SW/솔루션,0.7344 | 0.7150 | 0.7456 | 0.7205 | 0.7152,0.7844 | 0.7650 | 0.7456 | 0.7205 | 0.7152,Energy AI Team/Data Engineer | 인프라운영실 데이터 엔지니어 | [정보시스템팀] Data Engineer(3년이하) | 데이터 분석 및 BI운영 (대리~과장) | [데이터사업팀] Product Engineer,웹 프론트엔드 | 서버/백엔드 | ML/AI | 블록체인,0.05,,,
postgres/postgres,https://github.com/postgres/postgres,DBA,DBA,ai_classifier_rerank,0,0,0,devops/시스템 엔지니어,devops/시스템 엔지니어 | 인공지능/머신러닝 | SW/솔루션 | 빅데이터 엔지니어 | SW/솔루션,0.7456 | 0.7344 | 0.7205 | 0.7150 | 0.7152,0.7456 | 0.7350 | 0.7205 | 0.7153 | 0.7152,[정보시스템팀] Data Engineer(3년이하) | Energy AI Team/Data Engineer | 데이터 분석 및 BI운영 (대리~과장) | 인프라운영실 데이터 엔지니어 | [데이터사업팀] Product Engineer,,,DBA,DBA:0.5800 | QA 엔지니어:0.3415 | 웹 풀스택:0.0292 | 안드로이드:0.0220 | 게임 서버:0.0173,0.1
mysql/mysql-server,https://github.com/mysql/mysql-server,DBA,DBA,faiss_only,0,0,0,인공지능/머신러닝,인공지능/머신러닝 | SW/솔루션 | SW/솔루션 | 서버/백엔드 | SW/솔루션,0.7737 | 0.7706 | 0.7691 | 0.7656 | 0.7623,0.7737 | 0.7706 | 0.7691 | 0.7656 | 0.7623,Sr.AI&Data Analysis Specialist_11y~ | 데이터 분석 및 BI운영 (대리~과장) | [데이터사업팀] Product Engineer | 백엔드 개발자 3년 이상 | [MEDIT] Data Analyst (3년이상),,,,,
mysql/mysql-server,https://github.com/mysql/mysql-server,DBA,DBA,domain_rerank,0,0,0,서버/백엔드,서버/백엔드 | 인공지능/머신러닝 | SW/솔루션 | SW/솔루션 | SW/솔루션,0.7656 | 0.7737 | 0.7706 | 0.7691 | 0.7623,0.8156 | 0.7737 | 0.7706 | 0.7691 | 0.7623,백엔드 개발자 3년 이상 | Sr.AI&Data Analysis Specialist_11y~ | 데이터 분석 및 BI운영 (대리~과장) | [데이터사업팀] Product Engineer | [MEDIT] Data Analyst (3년이상),서버/백엔드,0.05,,,
mysql/mysql-server,https://github.com/mysql/mysql-server,DBA,DBA,ai_classifier_rerank,0,0,0,인공지능/머신러닝,인공지능/머신러닝 | SW/솔루션 | SW/솔루션 | 서버/백엔드 | SW/솔루션,0.7737 | 0.7706 | 0.7691 | 0.7656 | 0.7623,0.7747 | 0.7706 | 0.7691 | 0.7656 | 0.7623,Sr.AI&Data Analysis Specialist_11y~ | 데이터 분석 및 BI운영 (대리~과장) | [데이터사업팀] Product Engineer | 백엔드 개발자 3년 이상 | [MEDIT] Data Analyst (3년이상),,,DBA,DBA:0.4800 | QA 엔지니어:0.3318 | 웹 풀스택:0.0715 | 안드로이드:0.0630 | 게임 서버:0.0404,0.1
MariaDB/server,https://github.com/MariaDB/server,DBA,DBA,faiss_only,0,0,0,인공지능/머신러닝,인공지능/머신러닝 | SW/솔루션 | 프론트엔드 | SW/솔루션 | 서버/백엔드,0.7648 | 0.7624 | 0.7597 | 0.7575 | 0.7539,0.7648 | 0.7624 | 0.7597 | 0.7575 | 0.7539,Sr.AI&Data Analysis Specialist_11y~ | 데이터 분석 및 BI운영 (대리~과장) | 프론트엔드 개발자(경력 3년 이상) | SI 개발 | 서버 개발자 경력,,,,,
MariaDB/server,https://github.com/MariaDB/server,DBA,DBA,domain_rerank,0,0,0,인공지능/머신러닝,인공지능/머신러닝 | 서버/백엔드 | SW/솔루션 | 프론트엔드 | SW/솔루션,0.7648 | 0.7539 | 0.7624 | 0.7597 | 0.7575,0.8148 | 0.8039 | 0.7624 | 0.7597 | 0.7575,Sr.AI&Data Analysis Specialist_11y~ | 서버 개발자 경력 | 데이터 분석 및 BI운영 (대리~과장) | 프론트엔드 개발자(경력 3년 이상) | SI 개발,게임 개발 | 서버/백엔드 | ML/AI | 모바일 앱,0.05,,,
MariaDB/server,https://github.com/MariaDB/server,DBA,DBA,ai_classifier_rerank,0,0,0,인공지능/머신러닝,인공지능/머신러닝 | SW/솔루션 | 프론트엔드 | SW/솔루션 | 서버/백엔드,0.7648 | 0.7624 | 0.7597 | 0.7575 | 0.7539,0.7648 | 0.7624 | 0.7597 | 0.7575 | 0.7539,Sr.AI&Data Analysis Specialist_11y~ | 데이터 분석 및 BI운영 (대리~과장) | 프론트엔드 개발자(경력 3년 이상) | SI 개발 | 서버 개발자 경력,,,QA 엔지니어,QA 엔지니어:0.6469 | DBA:0.1533 | 게임 서버:0.0660 | 웹 풀스택:0.0458 | 안드로이드:0.0380,0.1
mongodb/mongo,https://github.com/mongodb/mongo,DBA,DBA,faiss_only,0,0,0,인공지능/머신러닝,인공지능/머신러닝 | SW/솔루션 | SW/솔루션 | 서버/백엔드 | SW/솔루션,0.7737 | 0.7706 | 0.7691 | 0.7656 | 0.7623,0.7737 | 0.7706 | 0.7691 | 0.7656 | 0.7623,Sr.AI&Data Analysis Specialist_11y~ | 데이터 분석 및 BI운영 (대리~과장) | [데이터사업팀] Product Engineer | 백엔드 개발자 3년 이상 | [MEDIT] Data Analyst (3년이상),,,,,
mongodb/mongo,https://github.com/mongodb/mongo,DBA,DBA,domain_rerank,0,0,0,인공지능/머신러닝,인공지능/머신러닝 | 서버/백엔드 | SW/솔루션 | SW/솔루션 | SW/솔루션,0.7737 | 0.7656 | 0.7706 | 0.7691 | 0.7623,0.8237 | 0.8156 | 0.7706 | 0.7691 | 0.7623,Sr.AI&Data Analysis Specialist_11y~ | 백엔드 개발자 3년 이상 | 데이터 분석 및 BI운영 (대리~과장) | [데이터사업팀] Product Engineer | [MEDIT] Data Analyst (3년이상),게임 개발 | 서버/백엔드 | ML/AI | 모바일 앱 | DevOps/인프라,0.05,,,
mongodb/mongo,https://github.com/mongodb/mongo,DBA,DBA,ai_classifier_rerank,0,0,0,인공지능/머신러닝,인공지능/머신러닝 | SW/솔루션 | SW/솔루션 | 서버/백엔드 | SW/솔루션,0.7737 | 0.7706 | 0.7691 | 0.7656 | 0.7623,0.7737 | 0.7706 | 0.7691 | 0.7656 | 0.7623,Sr.AI&Data Analysis Specialist_11y~ | 데이터 분석 및 BI운영 (대리~과장) | [데이터사업팀] Product Engineer | 백엔드 개발자 3년 이상 | [MEDIT] Data Analyst (3년이상),,,QA 엔지니어,QA 엔지니어:0.5504 | DBA:0.2933 | 웹 풀스택:0.0493 | 안드로이드:0.0348 | iOS:0.0233,0.1
cockroachdb/cockroach,https://github.com/cockroachdb/cockroach,DBA,DBA,faiss_only,0,0,0,SW/솔루션,SW/솔루션 | 서버/백엔드 | 서버/백엔드 | 웹 풀스택 | 서버/백엔드,0.7880 | 0.7769 | 0.7758 | 0.7714 | 0.7706,0.7880 | 0.7769 | 0.7758 | 0.7714 | 0.7706,Back-end Developer | Server팀 백엔드 개발자 경력 채용 | Python Developer | 자율주행로봇 백엔드/풀스택 엔지니어 | 백엔드 개발자,,,,,
cockroachdb/cockroach,https://github.com/cockroachdb/cockroach,DBA,DBA,domain_rerank,0,0,0,서버/백엔드,서버/백엔드 | 서버/백엔드 | 서버/백엔드 | SW/솔루션 | 웹 풀스택,0.7769 | 0.7758 | 0.7706 | 0.7880 | 0.7714,0.8269 | 0.8258 | 0.8206 | 0.7880 | 0.7714,Server팀 백엔드 개발자 경력 채용 | Python Developer | 백엔드 개발자 | Back-end Developer | 자율주행로봇 백엔드/풀스택 엔지니어,게임 개발 | 웹 프론트엔드 | 서버/백엔드 | ML/AI | 모바일 앱 | DevOps/인프라,0.05,,,
cockroachdb/cockroach,https://github.com/cockroachdb/cockroach,DBA,DBA,ai_classifier_rerank,0,0,0,SW/솔루션,SW/솔루션 | 서버/백엔드 | 웹 풀스택 | 서버/백엔드 | 서버/백엔드,0.7880 | 0.7769 | 0.7714 | 0.7758 | 0.7706,0.7880 | 0.7769 | 0.7762 | 0.7758 | 0.7706,Back-end Developer | Server팀 백엔드 개발자 경력 채용 | 자율주행로봇 백엔드/풀스택 엔지니어 | Python Developer | 백엔드 개발자,,,QA 엔지니어,QA 엔지니어:0.5026 | DBA:0.3733 | 웹 풀스택:0.0476 | iOS:0.0233 | 게임 서버:0.0168,0.1
